,EXAE.AT,ELPE.AT,HTO.AT,OPAP.AT,PPA.AT,PPC.AT,ELLAKTOR.AT,GEKTERNA.AT,FFGRP.AT,TITK.AT,MYTIL.AT,VIO.AT
2012-09-04 16:00:00,3.0617,5.53965,2.6631,4.43,10.21,2.66,1.32,5.01,6.61,12.8958,2.39,4.24
2012-09-05 16:00:00,3.1384,5.87301,2.7918,4.74,10.37,2.9,1.31,5.01,7.3,13.2812,2.5,4.24
2012-09-06 16:00:00,3.1193,5.96125,2.7621,4.69,10.52,2.88,1.3,5.01,7.69,13.0342,2.51,4.24
2012-09-07 16:00:00,3.2632,6.02988,2.8512,4.78,10.86,3.23,1.32,5.01,8.0,13.0342,2.66,4.24
2012-09-10 16:00:00,3.388,6.43187,2.9799,4.81,10.94,3.3,1.34,5.01,7.94,14.5461,2.91,4.24
2012-09-11 16:00:00,3.3592,6.56914,3.0492,4.79,11.27,3.7,1.35,5.01,7.75,13.8346,3.06,4.24
2012-09-12 16:00:00,3.4552,6.86328,3.0888,5.12,11.73,3.82,1.4,5.01,8.1,13.8346,3.2,4.24
2012-09-13 16:00:00,3.2728,6.44168,2.97,4.97,11.61,3.64,1.4,5.01,7.9,13.9532,3.0,4.24
2012-09-14 16:00:00,3.2152,6.56914,3.0987,4.14,11.49,3.51,1.29,5.01,7.72,14.6844,3.01,4.24
2012-09-17 16:00:00,3.1097,6.65738,3.1185,4.15,11.31,3.42,1.25,5.01,7.82,13.8148,3.0,4.24
2012-09-18 16:00:00,3.2632,6.9025,3.3264,4.22,11.3,3.76,1.3,5.01,7.83,13.8049,3.19,4.24
2012-09-19 16:00:00,3.3784,7.25547,3.267,3.44,11.4,3.88,1.32,5.01,8.5,14.5263,3.3,4.24
2012-09-20 16:00:00,3.5991,7.1084,3.2571,3.43,11.95,4.02,1.44,5.01,8.44,14.131,3.24,4.24
2012-09-21 16:00:00,3.7143,6.76523,3.366,3.35,12.16,4.18,1.52,5.01,8.62,15.0204,3.39,4.24
2012-09-24 16:00:00,3.5799,6.84367,3.2175,3.11,11.98,3.99,1.47,5.01,8.97,14.6251,3.2,4.24
2012-09-25 16:00:00,3.4744,6.6868,3.1284,3.08,11.94,3.86,1.48,5.01,9.03,14.2793,3.29,4.24
2012-09-26 16:00:00,3.388,6.74563,2.97,3.23,11.93,3.82,1.43,5.01,9.0,14.2694,3.26,4.24
2012-09-27 16:00:00,3.3688,6.60836,2.8908,3.33,11.78,3.76,1.33,5.01,9.07,14.131,3.08,4.24
2012-09-28 16:00:00,3.3688,6.37305,2.8809,3.19,11.68,3.6,1.39,5.01,9.07,14.8228,3.08,4.24
2012-10-01 16:00:00,3.3592,6.275,2.9205,3.3,11.88,3.58,1.4,5.01,8.95,14.8228,3.05,4.24
2012-10-02 16:00:00,3.5032,6.42207,3.1185,3.39,12.17,3.87,1.6,5.01,9.0,14.8129,3.33,4.24
2012-10-03 16:00:00,3.5703,6.30441,3.1284,3.4,12.85,3.96,1.71,5.01,9.1,14.4769,3.4,4.24
2012-10-04 16:00:00,3.6471,6.43187,3.1581,3.35,12.97,3.87,1.69,5.01,9.45,14.5362,3.38,4.24
2012-10-05 16:00:00,4.031,6.60836,3.4155,3.54,12.97,4.1,1.76,5.01,10.05,14.6844,3.73,4.24
2012-10-08 16:00:00,3.9063,6.77504,3.3165,3.49,12.98,4.11,1.69,5.01,9.8,14.6943,3.65,4.24
2012-10-09 16:00:00,3.8391,6.72602,3.3759,3.59,13.12,3.91,1.69,5.01,9.94,14.5757,3.57,4.24
2012-10-10 16:00:00,3.7239,6.4809,3.3165,3.38,12.58,3.76,1.6,5.01,8.89,13.7456,3.42,4.24
2012-10-11 16:00:00,3.5799,6.57895,3.366,3.38,12.66,4.04,1.69,5.01,8.8,13.8445,3.5,4.24
2012-10-12 16:00:00,3.4072,6.66719,3.5145,3.39,12.9,4.11,1.7,5.01,9.2,14.4868,3.64,4.24
2012-10-15 16:00:00,3.5032,6.82406,3.564,3.39,12.6,4.08,1.7,5.01,9.15,13.7852,3.78,4.24
2012-10-16 16:00:00,3.5416,6.57895,3.6135,3.39,12.37,4.3,1.72,5.01,9.54,13.6666,3.74,4.24
2012-10-17 16:00:00,3.5416,6.57895,3.6234,3.39,12.5,4.3,1.79,5.01,10.0,14.8129,3.8,4.24
2012-10-18 16:00:00,3.5416,6.43187,3.663,3.5,12.9,4.27,1.74,5.01,10.3,15.4058,3.82,4.24
2012-10-19 16:00:00,3.532,6.64758,3.8214,3.65,12.97,4.33,1.73,5.01,10.35,15.6726,3.77,4.24
2012-10-22 16:00:00,3.6951,6.72602,3.8115,3.91,13.15,4.55,1.78,5.01,10.66,15.3959,3.88,4.24
2012-10-23 16:00:00,3.6087,6.47109,3.663,3.95,13.0,4.37,1.72,5.01,10.6,15.0006,3.75,4.24
2012-10-24 16:00:00,3.6279,6.6966,3.8016,4.08,12.76,4.73,1.76,5.01,10.6,14.8228,3.75,4.24
2012-10-25 16:00:00,3.5607,6.55934,3.7818,4.06,13.02,4.7,1.73,5.01,10.6,15.3663,3.87,4.24
2012-10-26 16:00:00,3.5511,6.54953,3.6828,4.07,13.19,4.87,1.73,5.01,10.5,15.1587,4.0,4.24
2012-10-31 16:00:00,3.3016,5.92203,3.366,3.94,12.18,4.37,1.51,5.01,10.51,14.1903,3.5,4.24
2012-11-01 16:00:00,3.148,5.79457,3.1284,3.67,11.62,3.91,1.46,5.01,10.51,14.3287,3.19,4.24
2012-11-02 16:00:00,3.4072,5.96125,3.3561,3.84,12.06,4.18,1.59,5.01,10.6,14.6745,3.45,4.24
2012-11-05 16:00:00,3.4264,5.98086,3.3957,3.9,12.07,4.27,1.6,5.01,10.43,14.9216,3.6,4.24
2012-11-06 16:00:00,3.484,6.32402,3.6135,3.88,12.27,4.31,1.65,5.01,10.2,14.9216,3.56,4.24
2012-11-07 16:00:00,3.388,6.43187,3.6135,3.81,11.72,4.2,1.61,5.01,10.25,14.131,3.5,4.24
2012-11-08 16:00:00,3.2152,6.275,3.5541,3.71,11.82,4.04,1.52,5.01,10.19,13.7259,3.2,4.24
2012-11-09 16:00:00,3.2344,6.19656,3.663,3.75,11.88,4.11,1.54,5.01,10.3,13.6369,3.22,4.24
2012-11-12 16:00:00,3.1193,6.08871,3.5145,3.8,11.6,4.08,1.49,5.01,10.2,12.8464,3.27,4.24
2012-11-13 16:00:00,3.196,6.20637,3.5739,3.91,12.01,4.06,1.53,5.01,10.35,12.5104,3.31,4.24
2012-11-14 16:00:00,3.3592,6.13773,3.663,3.9,12.17,4.19,1.64,5.01,10.74,13.2417,3.58,4.24
2012-11-15 16:00:00,3.3592,6.07891,3.6432,3.77,13.58,4.14,1.65,5.01,10.7,13.2417,3.65,4.24
2012-11-16 16:00:00,3.3208,6.0593,3.6135,3.69,13.92,4.21,1.68,5.01,10.58,13.2417,3.59,4.24
2012-11-19 16:00:00,3.4264,6.14754,3.762,3.8,13.92,4.41,1.75,5.01,10.49,13.2812,3.74,4.24
2012-11-20 16:00:00,3.3976,6.14754,3.762,3.87,13.97,4.36,1.7,5.01,10.28,13.3405,3.58,4.24
2012-11-21 16:00:00,3.532,6.21617,3.861,3.94,13.99,4.41,1.77,5.01,10.1,13.3899,3.71,4.24
2012-11-23 16:00:00,3.5799,6.59855,3.9501,4.02,14.31,4.67,1.79,5.01,10.18,13.4393,3.67,4.24
2012-11-26 16:00:00,3.5799,6.56914,3.9105,4.01,14.29,4.7,1.78,5.01,9.98,13.1725,3.64,4.24
2012-11-27 16:00:00,3.5895,6.64758,3.9798,4.15,14.11,4.84,1.8,5.01,10.2,12.8464,3.71,4.24
2012-11-28 16:00:00,3.5511,6.45148,3.9105,3.98,14.07,4.55,1.77,5.01,10.0,13.044,3.57,4.24
2012-11-29 16:00:00,3.532,6.37305,3.8016,4.02,13.9,4.48,1.75,5.01,10.3,12.6982,3.55,4.24
2012-11-30 16:00:00,3.6471,6.275,3.7125,3.99,14.31,4.41,1.73,5.01,10.13,11.8681,3.48,4.24
2012-12-03 16:00:00,3.6279,6.23578,3.9402,3.99,14.44,4.6,1.79,5.01,10.1,12.6488,3.53,4.24
2012-12-04 16:00:00,3.5991,6.15734,3.9402,3.99,14.3,4.55,1.78,5.01,10.0,12.6389,3.55,4.24
2012-12-05 16:00:00,3.6471,6.19656,4.0293,4.1,14.55,4.7,1.8,5.01,10.0,13.3405,3.59,4.24
2012-12-06 16:00:00,3.6471,6.275,4.0788,4.16,14.61,4.71,1.84,5.01,10.6,13.3405,3.67,4.24
2012-12-07 16:00:00,3.7239,6.57895,4.257,4.18,14.56,4.89,1.86,5.01,11.7,13.7259,3.72,4.24
2012-12-10 16:00:00,3.8103,6.75543,4.3659,4.36,14.56,5.12,1.88,5.01,12.23,13.6369,3.87,4.24
2012-12-11 16:00:00,3.8871,6.79465,4.4847,4.43,14.68,5.5,1.93,5.01,12.01,13.5184,4.05,4.24
2012-12-12 16:00:00,3.983,6.76523,4.653,4.41,14.74,5.42,1.95,5.01,12.3,13.716,4.1,4.24
2012-12-13 16:00:00,3.8583,6.79465,4.7025,4.28,14.49,5.29,1.85,5.01,12.65,13.2417,4.06,4.24
2012-12-14 16:00:00,3.8487,6.75543,4.7916,4.34,14.67,5.48,1.86,5.01,12.13,13.1033,4.18,4.24
2012-12-17 16:00:00,3.8199,6.59855,4.8114,4.39,14.67,5.42,1.8,5.01,12.01,13.133,4.2,4.24
2012-12-18 16:00:00,3.8487,6.50051,4.7322,4.35,14.78,5.16,1.77,5.01,12.16,13.4887,4.04,4.24
2012-12-19 16:00:00,4.0118,6.72602,5.0886,4.47,14.8,5.47,1.91,5.01,12.21,13.6271,4.3,4.24
2012-12-20 16:00:00,3.9639,6.61816,5.2668,4.4,14.9,5.49,1.9,5.01,12.97,13.0144,4.37,4.24
2012-12-21 16:00:00,3.9447,6.98094,5.1084,4.39,15.68,5.78,1.89,5.01,13.0,12.7476,4.47,4.24
2012-12-24 16:00:00,3.9447,6.98094,5.1084,4.39,15.68,5.78,1.89,5.01,13.0,12.7476,4.47,4.24
2012-12-26 16:00:00,3.9447,6.98094,5.1084,4.39,15.68,5.78,1.89,5.01,13.0,12.7476,4.47,4.24
2012-12-27 16:00:00,4.1654,7.18684,5.0589,4.44,16.55,5.97,1.97,5.01,13.2,13.7753,4.5,4.24
2012-12-28 16:00:00,4.1366,7.21625,4.9995,4.38,16.36,5.79,1.97,5.01,13.02,13.7852,4.5,4.24
2012-12-31 16:00:00,4.1366,7.21625,4.9995,4.38,16.36,5.79,1.97,5.01,13.02,13.7852,4.5,4.24
2013-01-02 16:00:00,4.4629,7.57902,5.3955,4.53,16.55,6.11,2.06,5.01,13.27,14.22,4.66,4.24
2013-01-03 16:00:00,4.5301,7.69668,5.3955,4.5,16.55,6.13,2.09,5.01,13.3,14.8228,4.7,4.24
2013-01-04 16:00:00,4.5493,7.84375,5.3955,4.59,16.55,6.04,2.09,5.01,13.3,14.7734,4.81,4.24
2013-01-07 16:00:00,4.6069,7.86336,5.5044,4.63,16.85,6.04,2.14,5.01,13.69,14.6844,4.99,4.24
2013-01-08 16:00:00,4.7989,7.93199,5.643,4.71,17.25,6.22,2.16,5.01,14.03,14.9413,4.9,4.24
2013-01-09 16:00:00,4.7797,8.12809,5.5836,4.79,17.9,6.26,2.28,5.01,14.0,15.1983,5.02,4.24
2013-01-10 16:00:00,4.6837,8.13789,5.6232,5.13,17.88,6.33,2.24,5.01,13.87,15.3663,4.99,4.24
2013-01-11 16:00:00,4.6549,8.00062,5.6331,5.11,17.9,6.51,2.25,5.01,13.92,14.8228,4.9,4.24
2013-01-14 16:00:00,4.5493,8.1673,5.643,5.13,17.72,6.34,2.07,5.01,13.89,15.1192,4.74,4.24
2013-01-15 16:00:00,4.5013,8.00062,5.4945,5.13,17.89,6.31,2.08,5.01,13.5,14.9216,4.59,4.24
2013-01-16 16:00:00,4.4725,7.83395,5.7024,5.13,18.02,6.47,2.07,5.01,13.41,14.7239,4.55,4.24
2013-01-17 16:00:00,4.5301,7.7457,5.8707,5.15,18.4,6.62,2.13,5.01,12.8,13.7951,4.7,4.24
2013-01-18 16:00:00,4.6933,8.03984,6.0588,5.19,19.46,7.28,2.19,5.01,13.3,13.6962,4.9,4.24
2013-01-22 16:00:00,4.7989,8.3634,6.2172,5.55,19.22,7.82,2.26,5.01,13.3,14.2595,4.99,4.24
2013-01-23 16:00:00,5.058,8.65754,6.4152,5.65,18.74,7.82,2.3,5.01,13.19,14.6152,5.25,4.24
2013-01-24 16:00:00,4.7029,8.42223,6.138,5.0,18.44,7.38,2.13,5.01,13.35,13.8543,4.9,4.24
2013-01-25 16:00:00,4.9812,8.62813,6.5736,5.24,19.57,7.65,2.24,5.01,13.5,13.9433,5.3,4.24
2013-01-28 16:00:00,4.9812,8.63793,6.4845,5.15,19.28,7.71,2.22,5.01,13.85,13.9433,5.6,4.24
2013-01-29 16:00:00,4.9044,8.5693,6.4746,5.12,18.53,7.49,2.15,5.01,13.77,13.2911,5.35,4.24
2013-01-30 16:00:00,4.9332,8.50066,6.435,5.2,18.34,7.19,2.11,5.01,13.84,12.8464,5.16,4.24
2013-01-31 16:00:00,4.866,8.09867,6.138,5.09,17.99,6.78,2.04,5.01,13.7,13.0243,5.05,4.24
2013-02-01 16:00:00,4.7989,8.1673,5.94,5.08,17.67,6.32,1.99,5.01,13.69,13.1429,4.89,4.24
2013-02-04 16:00:00,4.9428,8.44184,6.0885,5.33,17.72,6.73,2.09,5.01,13.71,13.4986,5.29,4.24
2013-02-05 16:00:00,4.9716,8.61832,6.1974,5.49,18.36,7.07,2.12,5.01,13.42,13.4393,5.38,4.24
2013-02-06 16:00:00,5.1828,8.72617,6.3261,5.43,18.16,7.31,2.18,5.01,13.67,14.1706,5.43,4.24
2013-02-07 16:00:00,5.2691,8.74578,6.2766,5.45,18.6,7.32,2.2,5.01,13.8,14.4967,5.49,4.24
2013-02-08 16:00:00,5.2116,8.60852,6.2073,5.25,18.31,7.07,2.14,5.01,13.72,14.8228,5.35,4.24
2013-02-11 16:00:00,5.1444,8.68695,6.138,5.33,18.04,7.02,2.09,5.01,13.75,14.7239,5.23,4.24
2013-02-12 16:00:00,5.2595,8.80461,6.237,5.45,18.0,7.4,2.11,5.01,13.76,14.8129,5.35,4.24
2013-02-13 16:00:00,5.2787,8.80461,6.4053,5.69,18.19,7.75,2.11,5.01,13.75,14.5757,5.46,4.24
2013-02-14 16:00:00,5.2307,8.80461,6.2271,5.89,18.47,7.66,2.13,5.01,13.7,14.6152,5.48,4.24
2013-02-15 16:00:00,5.1828,8.89285,6.3558,6.14,18.88,7.78,2.15,5.01,13.6,14.3287,5.5,4.24
2013-02-19 16:00:00,5.1444,8.5693,6.1479,5.91,18.5,7.95,2.13,5.01,13.66,14.6251,5.44,4.24
2013-02-20 16:00:00,5.1828,8.5791,6.1182,5.95,19.07,8.03,2.13,5.01,13.67,14.5757,5.41,4.24
2013-02-21 16:00:00,4.7509,8.43203,5.7717,5.67,18.03,7.39,1.98,5.01,13.22,14.3287,5.02,4.24
2013-02-22 16:00:00,4.8468,8.62813,6.0588,5.39,18.5,7.55,2.05,5.01,13.4,14.3386,5.14,4.24
2013-02-25 16:00:00,4.8372,8.70656,6.138,5.19,18.81,7.77,2.01,5.01,13.4,14.5658,5.11,4.24
2013-02-26 16:00:00,4.7989,8.59871,6.039,5.43,18.5,7.54,1.97,5.01,13.5,14.3386,5.17,4.24
2013-02-27 16:00:00,4.7221,8.45164,6.0984,5.41,18.6,7.42,2.02,5.01,13.5,14.3089,5.13,4.24
2013-02-28 16:00:00,4.8564,8.31437,6.2271,5.21,18.52,7.47,2.03,5.01,13.3,14.5461,5.1,4.24
2013-03-01 16:00:00,4.7317,8.21633,5.8608,5.23,18.79,7.15,1.98,5.01,13.72,14.3287,5.09,4.24
2013-03-04 16:00:00,4.5877,7.99082,5.8311,5.27,18.11,6.86,1.86,5.01,13.52,14.3386,4.94,4.24
2013-03-05 16:00:00,4.6645,8.06926,5.8014,5.51,18.15,6.95,1.8,5.01,13.56,14.3287,5.03,4.24
2013-03-06 16:00:00,4.6933,7.88297,5.8608,5.56,18.4,6.77,1.82,5.01,13.58,14.2299,5.0,4.24
2013-03-07 16:00:00,4.5589,7.75551,5.6232,5.29,18.01,6.27,1.71,5.01,13.6,14.3089,4.78,4.24
2013-03-08 16:00:00,4.6837,8.02023,5.6925,5.4,18.29,6.51,1.74,5.01,13.39,14.3287,4.77,4.24
2013-03-11 16:00:00,4.5109,7.65746,5.5737,5.31,18.0,6.38,1.62,5.01,13.75,14.2299,4.5,4.24
2013-03-12 16:00:00,4.4629,7.98102,5.5044,5.19,17.72,6.28,1.69,5.01,14.0,14.1508,4.49,4.24
2013-03-13 16:00:00,4.6741,8.20652,5.742,5.47,18.02,6.83,1.78,5.01,14.52,14.3781,4.79,4.24
2013-03-14 16:00:00,4.6549,8.13789,5.7816,5.41,18.15,6.69,1.74,5.01,14.5,14.2299,4.78,4.24
2013-03-15 16:00:00,4.6069,7.98102,5.6925,5.37,17.96,6.44,1.85,5.01,13.95,13.3899,4.76,4.24
2013-03-18 16:00:00,4.6069,7.98102,5.6925,5.37,17.96,6.44,1.85,5.01,13.95,13.3899,4.76,4.24
2013-03-19 16:00:00,4.2326,7.59863,5.247,5.27,17.38,5.91,1.69,5.01,13.1,13.2219,4.39,4.24
2013-03-20 16:00:00,4.2422,7.79473,5.148,5.27,17.61,5.94,1.72,5.01,13.5,13.1429,4.36,4.24
2013-03-21 16:00:00,4.2614,7.90258,5.247,5.43,17.53,6.16,1.73,5.01,13.75,13.2417,4.4,4.24
2013-03-22 16:00:00,4.3861,7.9418,5.2371,5.43,17.92,6.61,1.75,5.01,13.8,12.965,4.52,4.24
2013-03-25 16:00:00,4.3861,7.9418,5.2371,5.43,17.92,6.61,1.75,5.01,13.8,12.965,4.52,4.24
2013-03-26 16:00:00,4.0598,7.59863,4.752,5.23,17.19,5.98,1.63,5.01,13.6,12.6488,4.25,4.24
2013-03-27 16:00:00,3.8391,7.25547,4.3065,5.05,16.55,5.19,1.46,5.01,13.29,12.8365,4.08,4.24
2013-03-28 16:00:00,3.7719,7.34371,4.6728,4.92,16.9,5.5,1.55,5.01,13.24,12.8464,4.12,4.24
2013-04-01 16:00:00,3.7719,7.34371,4.6728,4.92,16.9,5.5,1.55,5.01,13.24,12.8464,4.12,4.24
2013-04-02 16:00:00,3.6279,7.3241,4.4748,4.99,16.05,5.14,1.52,5.01,13.65,12.8464,3.78,4.24
2013-04-03 16:00:00,3.6279,6.79465,4.3857,5.02,15.61,4.86,1.53,5.01,12.9,12.8464,3.6,4.24
2013-04-04 16:00:00,3.8199,6.94172,4.6233,4.87,15.43,5.1,1.57,5.01,12.61,12.8464,3.76,4.24
2013-04-05 16:00:00,3.6279,7.02016,4.653,4.87,15.19,4.86,1.48,5.01,12.3,12.8266,3.6,4.24
2013-04-08 16:00:00,3.7239,7.08879,4.9005,4.99,15.19,5.06,1.51,5.01,12.2,12.5499,3.66,4.24
2013-04-09 16:00:00,3.983,7.26527,5.2173,5.59,16.33,5.66,1.71,5.01,12.73,12.9255,4.05,4.24
2013-04-10 16:00:00,4.223,7.48098,5.3955,5.63,16.82,5.94,1.75,5.01,13.4,13.6369,4.24,4.24
2013-04-11 16:00:00,4.3286,7.84375,5.6331,5.77,17.43,6.42,1.83,5.01,13.9,14.0915,4.4,4.24
2013-04-12 16:00:00,4.319,7.92219,5.544,5.9,17.26,6.3,1.98,5.01,13.9,13.8346,4.4,4.24
2013-04-15 16:00:00,4.2518,7.84375,5.6232,5.65,18.49,6.45,2.15,5.01,13.69,14.3287,4.3,4.24
2013-04-16 16:00:00,4.367,7.97121,5.6034,5.58,18.49,6.53,2.11,5.01,13.5,14.2891,4.5,4.24
2013-04-17 16:00:00,4.7221,8.13789,5.841,5.28,18.55,6.52,2.15,5.01,13.65,14.5263,4.64,4.24
2013-04-18 16:00:00,4.8276,8.13789,6.1182,5.61,18.53,6.8,2.16,5.01,13.7,14.4868,4.72,4.24
2013-04-19 16:00:00,4.7605,8.17711,5.9895,5.61,18.13,6.68,2.08,5.01,13.85,14.131,4.54,4.24
2013-04-22 16:00:00,4.7989,8.19672,6.1182,5.65,18.5,6.85,2.11,5.01,14.5,14.0915,4.62,4.24
2013-04-23 16:00:00,4.6741,8.12809,6.1578,5.43,18.46,6.78,2.12,5.01,15.05,14.131,4.6,4.24
2013-04-24 16:00:00,4.8564,8.11828,6.2271,5.49,18.5,7.07,2.2,5.01,15.8,13.8346,4.68,4.24
2013-04-25 16:00:00,4.9908,8.20652,6.3657,5.49,18.42,7.32,2.21,5.01,16.48,14.0125,4.94,4.24
2013-04-26 16:00:00,4.8852,7.87316,6.3657,5.51,18.27,7.09,2.19,5.01,16.2,13.8346,4.75,4.24
2013-04-29 16:00:00,4.8084,7.96141,6.435,5.49,18.27,6.92,2.11,5.01,15.8,13.6864,4.67,4.24
2013-04-30 16:00:00,4.8852,8.23594,6.534,5.98,18.59,7.28,2.07,5.01,15.88,13.9334,4.7,4.24
2013-05-01 16:00:00,4.8852,8.23594,6.534,5.98,18.59,7.28,2.07,5.01,15.88,13.9334,4.7,4.24
2013-05-02 16:00:00,4.9428,8.23594,6.5835,5.98,18.55,7.27,2.22,5.01,16.0,13.7555,4.74,4.24
2013-05-03 16:00:00,4.9428,8.23594,6.5835,5.98,18.55,7.27,2.22,5.01,16.0,13.7555,4.74,4.24
2013-05-06 16:00:00,4.9428,8.23594,6.5835,5.98,18.55,7.27,2.22,5.01,16.0,13.7555,4.74,4.24
2013-05-07 16:00:00,4.9428,8.23594,6.5835,5.98,18.55,7.27,2.22,5.01,16.0,13.7555,4.74,4.24
2013-05-08 16:00:00,5.2979,8.5693,7.1775,6.21,19.96,7.79,2.38,5.01,15.9,14.1409,5.13,4.24
2013-05-09 16:00:00,5.749,8.60852,7.1478,6.19,20.44,7.74,2.3,5.01,15.9,14.1409,5.05,4.24
2013-05-10 16:00:00,5.6626,8.13789,6.8508,5.89,19.1,7.52,2.24,5.01,15.85,13.7753,4.86,4.24
2013-05-13 16:00:00,6.1617,8.41242,7.029,6.01,19.28,7.77,2.38,5.01,15.75,13.9334,5.15,4.24
2013-05-14 16:00:00,6.0849,8.5791,7.2072,6.05,19.48,7.77,2.36,5.01,15.88,14.131,5.08,4.24
2013-05-15 16:00:00,6.4593,8.85363,7.425,6.34,19.96,8.35,2.5,5.01,16.45,14.0322,5.31,4.24
2013-05-16 16:00:00,6.5168,8.81441,7.524,6.47,20.35,8.33,2.44,5.01,16.0,13.9334,5.25,4.24
2013-05-17 16:00:00,6.6128,8.97129,7.326,6.56,20.85,8.31,2.43,5.01,16.0,14.0125,5.21,4.24
2013-05-20 16:00:00,6.4113,9.02031,7.1973,6.6,20.25,8.21,2.38,5.01,16.0,14.3287,5.21,4.24
2013-05-21 16:00:00,6.2673,9.11836,6.8508,6.43,19.48,7.91,2.37,5.01,16.5,14.3287,5.12,4.24
2013-05-22 16:00:00,6.1617,8.82422,6.9993,6.18,19.18,7.78,2.39,5.01,16.5,14.1508,5.22,4.24
2013-05-23 16:00:00,5.9506,8.5693,6.8904,6.08,18.11,7.72,2.27,5.01,16.06,13.5678,4.96,4.24
2013-05-24 16:00:00,5.8354,8.33398,6.9894,5.92,17.78,7.92,2.22,5.01,16.15,13.5184,4.9,4.24
2013-05-28 16:00:00,5.8546,8.81441,6.633,5.59,17.63,7.92,2.2,5.01,16.98,13.6567,4.85,4.24
2013-05-29 16:00:00,5.6434,8.33398,6.435,5.51,17.26,7.82,2.05,5.01,16.95,13.2417,4.65,4.24
2013-05-30 16:00:00,5.4707,7.7457,6.3261,5.29,16.94,7.71,2.03,5.01,16.67,13.3405,4.49,4.24
2013-05-31 16:00:00,5.4995,7.45156,6.7221,5.08,16.07,7.67,2.2,5.01,16.8,12.9452,4.56,4.24
2013-06-03 16:00:00,5.893,7.67707,6.5835,5.41,16.83,7.92,2.19,5.01,16.9,13.3405,4.75,4.24
2013-06-04 16:00:00,5.8258,7.3143,6.435,5.38,16.46,7.67,2.18,5.01,16.69,12.6982,4.7,4.24
2013-06-05 16:00:00,5.9506,7.25547,6.3558,5.49,16.65,7.7,2.17,5.01,16.41,12.8464,4.69,4.24
2013-06-06 16:00:00,5.8546,7.02996,6.6132,5.48,16.33,7.71,2.12,5.01,16.41,12.8464,4.65,4.24
2013-06-07 16:00:00,5.8642,7.08879,6.633,5.6,17.18,7.95,2.2,5.01,17.33,12.8662,4.79,4.24
2013-06-10 16:00:00,5.8546,6.82406,6.4647,5.45,17.14,7.47,2.19,5.01,16.89,12.8464,4.83,4.24
2013-06-11 16:00:00,5.5571,6.61816,6.0588,5.13,16.65,6.87,2.12,5.01,16.04,12.9452,4.55,4.24
2013-06-12 16:00:00,5.0964,6.275,5.643,5.11,16.36,6.43,2.0,5.01,15.58,12.9452,4.2,4.24
2013-06-13 16:00:00,5.5187,6.76523,5.841,5.3,16.88,6.79,2.1,5.01,15.35,12.9452,4.42,4.24
2013-06-14 16:00:00,5.7298,7.22605,6.138,5.59,17.24,7.17,2.15,5.01,16.6,13.4393,4.5,4.24
2013-06-17 16:00:00,5.6626,6.96133,6.237,5.59,16.56,7.12,2.07,5.01,15.73,13.3998,4.35,4.24
2013-06-18 16:00:00,5.9506,6.70641,6.2964,5.39,17.22,7.32,2.17,5.01,16.37,13.7358,4.49,4.24
2013-06-19 16:00:00,5.9506,6.81426,6.0192,5.57,16.99,7.33,2.18,5.01,16.3,13.8346,4.57,4.24
2013-06-20 16:00:00,5.7106,6.84367,5.8014,5.35,16.8,6.88,2.16,5.01,15.24,12.9255,4.42,4.24
2013-06-21 16:00:00,5.3747,6.275,5.4252,5.07,16.14,6.18,2.06,5.01,14.98,12.2535,4.07,4.24
2013-06-24 16:00:00,5.3747,6.275,5.4252,5.07,16.14,6.18,2.06,5.01,14.98,12.2535,4.07,4.24
2013-06-25 16:00:00,5.3747,6.22598,5.4945,5.03,16.85,6.73,2.05,5.01,14.95,12.6488,4.17,4.24
2013-06-26 16:00:00,5.4035,6.39266,5.3361,5.23,16.82,6.64,2.05,5.01,15.47,12.3523,4.26,4.24
2013-06-27 16:00:00,5.5859,6.71621,5.643,5.22,17.24,6.65,2.12,5.01,15.6,12.6488,4.32,4.24
2013-06-28 16:00:00,5.7394,6.8927,5.94,5.63,17.33,6.83,2.2,5.01,15.7,13.2021,4.41,4.24
2013-07-01 16:00:00,5.8162,6.96133,6.0192,5.63,17.42,6.82,2.2,5.01,15.98,12.6586,4.38,4.24
2013-07-02 16:00:00,5.653,6.76523,5.8113,5.56,16.98,6.44,2.05,5.01,16.25,12.3227,4.21,4.24
2013-07-03 16:00:00,5.6434,6.73582,5.8509,5.52,16.57,6.4,2.06,5.01,16.0,12.8069,4.26,4.24
2013-07-05 16:00:00,5.7586,6.78484,6.0885,5.64,16.51,6.83,2.16,5.01,16.3,13.2417,4.46,4.24
2013-07-08 16:00:00,5.9218,7.00055,6.2172,5.63,16.55,6.8,2.16,5.01,16.3,13.0934,4.56,4.24
2013-07-09 16:00:00,5.6626,6.9123,5.841,5.45,16.41,6.51,2.16,5.01,16.0,12.5994,4.4,4.24
2013-07-10 16:00:00,5.6147,6.80445,5.841,5.3,16.17,6.33,2.16,5.01,16.1,12.3523,4.24,4.24
2013-07-11 16:00:00,5.5571,6.53973,5.742,5.29,15.87,6.19,2.16,5.01,16.14,12.1547,4.18,4.24
2013-07-12 16:00:00,5.4899,6.40246,5.7717,5.31,15.29,6.04,2.16,5.01,16.0,12.3523,4.05,4.24
2013-07-15 16:00:00,5.4419,6.44168,5.6826,5.11,15.18,5.92,2.16,5.01,16.3,12.2041,3.95,4.24
2013-07-16 16:00:00,5.6434,6.47109,5.8806,5.23,15.48,6.21,2.16,5.01,16.2,12.8069,4.09,4.24
2013-07-17 16:00:00,5.7586,6.43187,6.1578,5.52,15.77,6.4,2.16,5.01,16.2,12.3622,4.17,4.24
2013-07-18 16:00:00,5.7586,6.53973,6.2865,5.6,16.12,6.49,2.16,5.01,16.3,12.8069,4.17,4.24
2013-07-19 16:00:00,5.7202,6.47109,6.237,5.63,15.58,6.28,2.16,5.01,16.5,12.5203,4.06,4.24
2013-07-22 16:00:00,5.7586,6.52012,6.2667,5.49,15.63,6.47,2.16,5.01,16.95,12.7575,4.15,4.24
2013-07-23 16:00:00,5.749,6.4809,6.4152,5.64,15.46,6.6,2.16,5.01,16.7,12.8365,4.13,4.24
2013-07-24 16:00:00,5.7586,6.58875,6.435,5.64,15.63,6.6,2.16,5.01,16.9,12.8662,4.07,4.24
2013-07-25 16:00:00,5.701,6.4907,6.4251,5.56,15.57,6.59,2.16,5.01,16.93,13.1132,4.08,4.24
2013-07-26 16:00:00,5.7394,6.66719,6.6033,5.69,15.63,7.16,2.16,5.01,17.4,13.1429,4.31,4.24
2013-07-29 16:00:00,5.8066,7.05937,6.6726,5.69,15.87,7.12,2.16,5.01,17.6,13.2417,4.35,4.24
2013-07-30 16:00:00,5.7874,7.08879,6.4746,5.63,15.63,7.21,2.16,5.01,17.6,13.1527,4.23,4.24
2013-07-31 16:00:00,5.8354,7.25547,6.732,5.91,15.63,7.71,2.16,5.01,17.63,13.5381,4.35,4.24
2013-08-01 16:00:00,5.9122,7.29469,6.8607,6.12,15.68,7.8,2.16,5.01,18.5,14.0125,4.42,4.24
2013-08-02 16:00:00,6.0466,7.41234,6.9498,6.19,16.62,7.77,2.16,5.01,18.5,15.0599,4.46,4.24
2013-08-05 16:00:00,6.0849,7.41234,7.0092,5.91,16.93,7.71,2.16,5.01,18.3,15.4157,4.46,4.24
2013-08-06 16:00:00,6.0945,7.5202,7.0785,6.12,16.95,7.63,2.16,5.01,18.45,15.5935,4.52,4.24
2013-08-07 16:00:00,6.0466,7.45156,6.93,6.2,16.65,7.52,2.16,5.01,18.75,15.4453,4.54,4.24
2013-08-08 16:00:00,6.0849,7.7457,7.0587,6.21,16.61,7.72,2.16,5.01,18.91,15.8109,4.73,4.24
2013-08-09 16:00:00,6.1233,7.82414,7.1676,6.3,16.65,7.82,2.16,5.01,19.0,15.5837,4.71,4.24
2013-08-12 16:00:00,6.1905,7.93199,7.4151,6.55,16.83,7.92,2.16,5.01,18.8,15.4157,4.78,4.24
2013-08-13 16:00:00,5.9506,7.67707,7.2666,6.56,16.9,7.92,2.16,5.01,18.79,14.8821,4.71,4.24
2013-08-14 16:00:00,5.9218,7.53,7.1874,6.67,16.8,7.8,2.16,5.01,18.5,15.1192,4.67,4.24
2013-08-15 16:00:00,5.9218,7.53,7.1874,6.67,16.8,7.8,2.16,5.01,18.5,15.1192,4.67,4.24
2013-08-16 16:00:00,5.9314,7.9,7.0785,6.57,16.79,7.86,2.16,5.01,18.35,15.0204,4.67,4.24
2013-08-19 16:00:00,5.845,7.79,6.8013,6.35,16.18,7.67,2.16,5.01,18.25,15.0204,4.52,4.24
2013-08-20 16:00:00,5.6818,7.3,6.5835,6.27,16.41,7.12,2.16,5.01,17.9,13.9532,4.3,4.24
2013-08-21 16:00:00,5.797,7.3,6.6825,6.29,16.45,7.21,2.16,5.01,17.65,14.5955,4.3,4.24
2013-08-22 16:00:00,5.6722,7.36,6.6528,6.45,16.12,7.21,2.16,5.01,17.7,14.4769,4.24,4.24
2013-08-23 16:00:00,5.797,7.66,6.8508,6.61,16.62,7.52,2.16,5.01,17.86,14.2299,4.37,4.24
2013-08-26 16:00:00,5.701,7.51,6.8508,6.51,16.23,7.39,2.16,5.01,18.0,14.6251,4.31,4.24
2013-08-27 16:00:00,5.3459,7.19,6.5439,6.3,15.22,6.91,2.16,5.01,17.6,14.5065,4.04,4.24
2013-08-28 16:00:00,5.4035,6.95,6.5835,6.3,15.38,7.07,2.16,5.01,17.47,14.2595,4.03,4.24
2013-08-29 16:00:00,5.4227,7.14,6.7716,6.39,16.21,7.22,2.16,5.01,17.18,14.5757,4.06,4.24
2013-08-30 16:00:00,5.3459,6.9,6.7716,6.56,16.33,7.06,2.16,5.01,17.0,14.5065,4.0,4.24
2013-09-03 16:00:00,5.5187,7.01,7.128,6.6,16.19,7.35,2.16,5.01,17.0,14.6152,4.21,4.24
2013-09-04 16:00:00,5.4803,7.11,7.2765,6.52,16.09,7.28,2.16,5.01,17.0,14.8228,4.29,4.24
2013-09-05 16:00:00,5.5667,7.22,7.3062,6.45,15.99,7.44,2.16,5.01,16.8,15.1983,4.34,4.24
2013-09-06 16:00:00,5.6434,7.44,7.3854,6.52,16.3,7.45,2.16,5.01,16.5,15.4848,4.4,4.24
2013-09-09 16:00:00,5.9314,7.5,7.524,6.63,16.72,7.6,2.16,5.01,17.06,16.058,4.66,4.24
2013-09-10 16:00:00,5.941,7.62,7.6626,6.81,17.07,7.8,2.16,5.01,17.26,15.9987,4.68,4.24
2013-09-11 16:00:00,5.9314,7.55,7.524,6.87,16.78,7.79,2.16,5.01,17.68,16.0086,4.74,4.24
2013-09-12 16:00:00,5.9506,7.7,7.524,7.0,16.9,7.91,2.16,5.01,17.8,15.8307,4.88,4.24
2013-09-13 16:00:00,5.8738,7.5,7.4844,6.98,16.88,7.8,2.16,5.01,18.0,16.0086,4.8,4.24
2013-09-16 16:00:00,5.9506,7.64,7.6032,6.97,16.93,7.82,2.16,5.01,18.35,15.8109,4.79,4.24
2013-09-17 16:00:00,5.9122,7.67,7.524,6.83,16.82,7.89,2.16,5.01,18.42,16.0086,4.8,4.24
2013-09-18 16:00:00,5.9794,7.6,7.4745,6.98,17.15,7.81,2.16,5.01,18.6,16.2655,4.91,4.24
2013-09-19 16:00:00,6.1425,8.03,7.623,7.09,17.32,8.06,2.16,5.01,19.03,17.2932,5.03,4.24
2013-09-20 16:00:00,5.9602,7.56,7.128,7.02,16.61,7.92,2.16,5.01,18.9,17.3426,4.89,4.24
2013-09-23 16:00:00,5.9314,7.68,7.4844,7.15,16.61,7.88,2.16,5.01,19.0,17.0956,4.82,4.24
2013-09-24 16:00:00,5.9986,7.8,7.8705,7.09,17.0,8.17,2.16,5.01,19.0,18.2814,4.97,4.24
2013-09-25 16:00:00,5.9986,7.88,7.8507,7.3,16.9,8.21,2.16,5.01,18.9,18.2814,4.97,4.24
2013-09-26 16:00:00,6.0945,7.97,8.0586,7.26,17.29,8.39,2.16,5.01,18.95,18.2024,5.04,4.24
2013-09-27 16:00:00,6.2097,7.93,8.019,7.26,17.78,8.4,2.16,5.01,19.5,18.479,4.96,4.24
2013-09-30 16:00:00,6.0945,7.8,7.623,7.22,17.4,8.28,2.16,5.01,19.2,18.1826,4.78,4.24
2013-10-01 16:00:00,6.037,7.68,7.7715,7.3,17.78,8.21,2.16,5.01,19.56,18.2814,4.85,4.24
2013-10-02 16:00:00,6.1425,7.79,7.6527,7.36,17.56,8.16,2.16,5.01,19.2,18.0838,4.8,4.24
2013-10-03 16:00:00,6.2385,8.05,7.8606,7.74,18.17,8.4,2.16,5.01,19.35,18.2518,4.95,4.24
2013-10-04 16:00:00,6.2577,8.48,8.0982,8.05,18.56,8.88,2.16,5.01,19.5,18.7755,5.21,4.24
2013-10-07 16:00:00,6.488,8.85,8.0784,8.19,18.61,9.05,2.16,5.01,19.5,19.6846,5.28,4.24
2013-10-08 16:00:00,6.488,8.85,8.0487,8.16,18.51,9.14,2.16,5.01,19.39,18.8249,5.27,4.24
2013-10-09 16:00:00,6.5264,9.1,8.3655,8.03,18.42,9.42,2.16,5.01,19.9,18.8249,5.27,4.24
2013-10-10 16:00:00,6.8624,9.12,8.4744,7.98,18.56,9.61,2.16,5.01,19.9,18.7755,5.43,4.24
2013-10-11 16:00:00,7.0543,9.14,8.613,7.99,17.88,9.66,2.16,5.01,19.7,18.1826,5.31,4.24
2013-10-14 16:00:00,6.8911,9.05,8.9694,7.96,18.16,9.82,2.16,5.01,19.38,18.3703,5.43,4.24
2013-10-15 16:00:00,7.1983,8.94,8.91,8.02,18.05,9.55,2.16,5.01,19.5,17.985,5.42,4.24
2013-10-16 16:00:00,7.371,8.78,8.6328,8.17,17.97,9.45,2.16,5.01,19.85,18.2814,5.48,4.24
2013-10-17 16:00:00,7.3902,9.19,8.7813,8.22,17.97,9.7,2.16,5.01,20.0,18.7261,5.52,4.24
2013-10-18 16:00:00,7.4862,9.45,8.9892,8.75,18.12,9.89,2.16,5.01,20.1,19.151,5.72,4.24
2013-10-21 16:00:00,7.6206,9.52,9.2268,8.57,18.45,10.17,2.16,5.01,20.75,19.2696,5.98,4.24
2013-10-22 16:00:00,7.4862,9.42,9.1872,8.42,18.46,10.08,2.16,5.01,20.83,18.9731,5.86,4.24
2013-10-23 16:00:00,7.1503,8.95,8.7615,7.86,17.74,9.63,2.16,5.01,20.89,18.7755,5.67,4.24
2013-10-24 16:00:00,7.1887,9.43,8.811,8.22,17.56,10.1,2.16,5.01,21.26,18.7755,6.05,4.24
2013-10-25 16:00:00,7.1983,9.56,8.8605,8.56,17.53,10.26,2.16,5.01,21.2,19.7637,6.03,4.24
2013-10-28 16:00:00,7.1983,9.56,8.8605,8.56,17.53,10.26,2.16,5.01,21.2,19.7637,6.03,4.24
2013-10-29 16:00:00,7.1983,9.35,8.514,8.09,17.88,10.04,2.16,5.01,21.18,19.7439,5.93,4.24
2013-10-30 16:00:00,7.3806,9.5,8.7516,8.29,17.58,10.56,2.16,5.01,21.3,19.9613,6.0,4.24
2013-10-31 16:00:00,7.4478,9.6,9.1971,8.0,17.48,10.84,2.16,5.01,21.9,19.8625,5.97,4.24
2013-11-01 16:00:00,7.3422,9.52,8.811,8.05,17.61,10.59,2.16,5.01,22.2,19.5166,6.06,4.24
2013-11-04 16:00:00,7.1983,9.51,8.5635,7.96,17.57,9.89,2.16,5.01,22.36,19.2696,6.0,4.24
2013-11-05 16:00:00,7.0063,9.3,8.217,7.9,17.29,9.55,2.16,5.01,22.4,19.0127,5.9,4.24
2013-11-06 16:00:00,7.3134,9.52,8.4645,8.21,17.73,9.79,2.16,5.01,22.6,19.3684,6.0,4.24
2013-11-07 16:00:00,7.3902,9.4,8.712,8.27,17.54,9.94,2.16,5.01,23.12,19.4178,6.18,4.24
2013-11-08 16:00:00,7.467,9.5,8.6625,8.28,17.8,9.99,2.16,5.01,23.42,18.3703,6.15,4.24
2013-11-11 16:00:00,7.4382,9.5,8.7615,7.98,18.14,9.84,2.16,5.01,23.75,17.392,6.33,4.24
2013-11-12 16:00:00,7.2751,9.2,8.4744,7.98,18.07,9.48,2.16,5.01,23.2,18.0245,6.04,4.24
2013-11-13 16:00:00,7.2367,8.83,8.613,8.01,18.17,9.66,2.16,5.01,23.5,18.9731,6.1,4.24
2013-11-14 16:00:00,7.2079,9.0,8.4447,8.01,18.27,9.77,2.16,5.01,23.4,19.4574,6.1,4.24
2013-11-15 16:00:00,7.0447,8.95,8.712,7.92,18.14,9.7,2.16,5.01,22.79,19.6155,5.88,4.24
2013-11-18 16:00:00,7.0735,8.9,8.8605,7.96,17.75,9.89,2.16,5.01,22.71,19.8625,5.95,4.24
2013-11-19 16:00:00,7.1215,9.09,8.8308,7.92,17.64,10.09,2.16,5.01,22.8,20.7519,5.96,4.24
2013-11-20 16:00:00,7.1215,9.09,8.5635,7.86,17.57,9.99,2.16,5.01,23.0,20.7025,5.91,4.24
2013-11-21 16:00:00,7.2079,9.1,8.4645,7.72,17.58,10.22,2.16,5.01,22.89,21.246,5.88,4.24
2013-11-22 16:00:00,7.3806,9.5,8.6922,7.79,18.01,10.77,2.16,5.01,23.52,22.2341,6.04,4.24
2013-11-25 16:00:00,7.5726,9.19,8.9991,8.4,18.05,11.13,2.16,5.01,23.3,22.7184,6.0,4.24
2013-11-26 16:00:00,6.9103,8.84,8.4348,7.72,18.98,10.84,2.16,5.01,21.25,21.7401,5.51,4.24
2013-11-27 16:00:00,7.5438,8.35,8.8011,8.1,18.4,10.67,2.16,5.01,21.95,21.7401,5.94,4.24
2013-11-29 16:00:00,7.7261,8.85,9.0783,8.56,18.26,10.69,2.16,5.01,23.0,21.7401,6.01,4.24
2013-12-02 16:00:00,8.398,8.85,9.3753,8.75,18.46,11.18,2.16,5.01,23.6,21.9377,6.27,4.24
2013-12-03 16:00:00,8.158,8.88,9.4743,8.97,18.86,11.03,2.16,5.01,24.85,21.9575,6.27,4.24
2013-12-04 16:00:00,8.0237,8.8,9.603,8.96,19.05,11.08,2.16,5.01,24.88,21.7401,6.14,4.24
2013-12-05 16:00:00,7.9565,8.48,9.2664,8.75,19.1,10.78,2.16,5.01,23.9,21.2954,6.02,4.24
2013-12-06 16:00:00,7.8221,8.3,8.9892,8.57,18.66,10.56,2.16,5.01,23.96,20.3566,6.01,4.24
2013-12-09 16:00:00,7.659,8.44,9.2466,8.57,18.97,10.86,2.16,5.01,24.9,20.2578,5.95,4.24
2013-12-10 16:00:00,8.0045,8.45,9.603,8.69,19.03,10.78,2.16,5.01,25.68,20.4554,6.17,4.24
2013-12-11 16:00:00,7.9853,8.52,9.5931,8.57,19.14,10.68,2.16,5.01,25.8,20.0601,6.1,4.24
2013-12-12 16:00:00,7.7741,8.35,9.4446,8.57,18.8,10.57,2.16,5.01,25.85,19.9613,6.23,4.24
2013-12-13 16:00:00,7.6782,8.02,9.1278,8.49,18.13,10.39,2.16,5.01,24.58,19.2202,6.04,4.24
2013-12-16 16:00:00,7.5918,7.8,9.108,8.35,17.89,10.19,2.16,5.01,23.74,19.319,5.91,4.24
2013-12-17 16:00:00,7.6878,7.73,9.2565,8.66,17.9,10.4,2.16,5.01,23.91,19.2202,5.85,4.24
2013-12-18 16:00:00,7.6686,7.77,9.2763,8.44,18.07,10.65,2.16,5.01,23.55,18.9731,5.83,4.24
2013-12-19 16:00:00,7.6782,8.0,9.3852,8.53,17.78,10.83,2.16,5.01,23.23,19.072,5.86,4.24
2013-12-20 16:00:00,7.2463,7.36,8.8902,7.9,17.01,10.08,2.16,5.01,23.23,17.9948,5.6,4.24
2013-12-23 16:00:00,7.0927,7.55,8.9199,8.07,16.61,9.8,2.16,5.01,22.5,18.1529,5.43,4.24
2013-12-24 16:00:00,7.0927,7.55,8.9199,8.07,16.61,9.8,2.16,5.01,22.5,18.1529,5.43,4.24
2013-12-26 16:00:00,7.0927,7.55,8.9199,8.07,16.61,9.8,2.16,5.01,22.5,18.1529,5.43,4.24
2013-12-27 16:00:00,7.5822,7.55,9.4842,8.56,17.39,10.64,2.16,5.01,23.7,18.9731,5.75,4.24
2013-12-30 16:00:00,7.4094,7.68,9.4941,8.57,17.17,10.59,2.16,5.01,23.4,19.2498,5.66,4.24
2013-12-31 16:00:00,7.4094,7.68,9.4941,8.57,17.17,10.59,2.16,5.01,23.4,19.2498,5.66,4.24
2014-01-02 16:00:00,7.9661,7.84,9.999,8.63,18.02,11.0,2.16,5.01,24.5,19.6649,6.06,4.24
2014-01-03 16:00:00,8.0621,7.8,10.1376,8.63,18.11,10.88,2.16,5.01,24.5,19.566,6.16,4.24
2014-01-06 16:00:00,8.0621,7.8,10.1376,8.63,18.11,10.88,2.16,5.01,24.5,19.566,6.16,4.24
2014-01-07 16:00:00,8.158,8.0,10.3554,8.86,18.46,11.41,2.16,5.01,24.9,19.5463,6.3,4.24
2014-01-08 16:00:00,8.446,8.0,11.1375,9.07,18.95,11.31,2.16,5.01,25.38,21.2262,6.46,4.24
2014-01-09 16:00:00,8.3116,8.0,11.3652,9.41,18.75,11.7,2.16,5.01,25.4,21.0879,6.43,4.24
2014-01-10 16:00:00,8.2828,7.98,11.4048,9.19,19.14,11.48,2.16,5.01,26.79,21.3448,6.45,4.24
2014-01-13 16:00:00,8.0141,7.72,11.5533,9.31,18.56,11.26,2.16,5.01,26.7,21.5424,6.25,4.24
2014-01-14 16:00:00,7.7741,7.5,11.2464,9.01,18.72,10.94,2.16,5.01,26.74,21.246,6.06,4.24
2014-01-15 16:00:00,7.8221,7.66,11.5236,9.31,18.85,11.25,2.16,5.01,26.49,21.2954,6.22,4.24
2014-01-16 16:00:00,7.9661,7.5,11.3454,9.22,18.39,11.14,2.16,5.01,26.64,20.9792,6.13,4.24
2014-01-17 16:00:00,7.9661,7.53,11.286,8.84,18.36,11.14,2.16,5.01,26.3,20.9495,6.15,4.24
2014-01-21 16:00:00,7.3518,7.18,10.4049,8.75,17.58,10.24,2.16,5.01,25.5,20.9495,5.89,4.24
2014-01-22 16:00:00,7.2271,7.18,10.6821,8.63,17.09,10.34,2.16,5.01,24.78,20.7519,6.05,4.24
2014-01-23 16:00:00,7.2463,7.38,10.6128,8.63,16.85,10.19,2.16,5.01,24.75,20.4455,6.0,4.24
2014-01-24 16:00:00,7.0063,7.3,10.197,8.72,16.43,9.79,2.16,5.01,24.64,19.7538,5.75,4.24
2014-01-27 16:00:00,6.8624,7.13,10.1277,8.53,16.28,9.6,2.16,5.01,24.01,18.9731,5.61,4.24
2014-01-28 16:00:00,6.6704,6.97,9.8109,8.34,16.03,9.11,2.16,5.01,22.9,18.1826,5.5,4.24
2014-01-29 16:00:00,6.6416,6.98,9.9693,8.31,16.29,9.15,2.16,5.01,22.0,18.4296,5.4,4.24
2014-01-30 16:00:00,6.9583,7.03,10.3752,8.42,16.57,9.45,2.16,5.01,22.1,18.5779,5.65,4.24
2014-01-31 16:00:00,6.9967,7.19,10.692,8.35,17.09,9.79,2.16,5.01,22.35,19.6649,5.81,4.24
2014-02-03 16:00:00,7.4286,7.25,11.088,8.57,17.15,10.24,2.16,5.01,23.8,20.6432,6.09,4.24
2014-02-04 16:00:00,7.2559,7.3,11.187,8.63,16.95,10.2,2.16,5.01,24.51,20.7519,6.05,4.24
2014-02-05 16:00:00,7.6302,7.36,11.7612,8.7,17.47,10.45,2.16,5.01,25.4,20.4554,6.17,4.24
2014-02-06 16:00:00,7.707,7.4,11.6325,8.99,17.44,10.65,2.16,5.01,25.49,20.7716,6.24,4.24
2014-02-07 16:00:00,7.8221,7.4,11.682,8.84,17.37,10.65,2.16,5.01,25.49,21.5325,6.24,4.24
2014-02-10 16:00:00,7.9469,7.24,11.8206,8.86,17.44,10.54,2.16,5.01,25.49,21.246,6.25,4.24
2014-02-11 16:00:00,7.7453,7.0,12.0285,8.78,16.73,10.67,2.16,5.01,24.4,21.7401,6.15,4.24
2014-02-12 16:00:00,7.8701,7.27,12.2265,9.17,17.34,11.11,2.16,5.01,25.19,22.4515,6.3,4.24
2014-02-13 16:00:00,7.7741,7.24,12.0582,9.17,17.46,10.97,2.16,5.01,25.2,22.6986,6.35,4.24
2014-02-14 16:00:00,7.7357,7.15,12.3651,9.18,17.24,11.07,2.16,5.01,25.0,23.0741,6.47,4.24
2014-02-18 16:00:00,7.6014,7.18,12.0285,9.1,16.8,10.95,2.16,5.01,24.95,23.1037,6.47,4.17
2014-02-19 16:00:00,7.3902,7.06,11.979,9.03,16.42,10.7,2.16,5.01,24.5,22.4812,6.25,4.04
2014-02-20 16:00:00,7.4382,7.02,11.9493,8.88,16.7,10.65,2.16,5.01,24.3,21.9772,6.18,4.0
2014-02-21 16:00:00,7.4862,6.89,11.7315,8.92,17.58,10.72,2.16,5.01,24.88,22.4812,6.26,4.14
2014-02-24 16:00:00,7.371,6.6,11.3256,8.77,17.39,10.4,2.16,5.01,23.4,21.246,6.24,4.04
2014-02-25 16:00:00,7.6014,6.78,12.078,8.91,17.48,10.99,2.16,5.01,24.65,22.7184,6.49,4.03
2014-02-26 16:00:00,7.6302,7.1,12.7116,9.29,18.16,11.49,2.16,5.01,25.3,23.6176,6.83,4.33
2014-02-27 16:00:00,7.8701,6.92,12.3948,9.81,17.85,11.54,2.16,5.01,24.66,22.7184,6.92,4.57
2014-02-28 16:00:00,8.0525,6.99,12.573,9.97,18.07,11.45,2.16,5.01,25.45,23.1235,7.02,4.7
2014-03-03 16:00:00,8.0525,6.99,12.573,9.97,18.07,11.45,2.16,5.01,25.45,23.1235,7.02,4.7
2014-03-04 16:00:00,7.9853,7.1,12.672,10.33,17.89,11.4,2.16,5.01,25.21,22.9654,7.09,4.7
2014-03-05 16:00:00,8.1101,7.3,12.375,10.22,17.79,11.37,2.16,5.01,25.27,22.7282,7.07,4.79
2014-03-06 16:00:00,8.206,7.3,12.573,10.5,17.92,11.62,2.16,5.01,25.65,22.6097,6.96,4.66
2014-03-07 16:00:00,8.542,7.4,12.7611,11.01,17.92,12.24,2.16,5.01,26.58,24.2105,7.02,4.75
2014-03-10 16:00:00,8.6859,7.57,12.7215,10.8,18.23,12.09,2.16,5.01,27.2,23.4694,7.11,4.7
2014-03-11 16:00:00,9.0218,7.69,12.8403,11.0,19.05,12.46,2.16,5.01,26.99,23.7164,7.24,4.99
2014-03-12 16:00:00,8.9259,7.76,13.0482,10.8,18.91,12.08,2.16,5.01,27.3,23.2223,7.24,4.95
2014-03-13 16:00:00,8.9259,7.7,12.7413,10.67,18.75,11.65,2.16,5.01,27.0,22.7282,7.04,4.98
2014-03-14 16:00:00,8.6091,7.58,12.3453,10.6,18.66,11.47,2.16,5.01,27.0,22.7282,6.92,4.93
2014-03-17 16:00:00,8.9739,7.76,12.6126,10.94,19.16,11.79,2.16,5.01,27.35,24.507,7.2,5.07
2014-03-18 16:00:00,8.993,7.72,12.672,10.67,19.39,11.77,2.16,5.01,27.79,24.4082,7.2,5.12
2014-03-19 16:00:00,9.0794,7.61,12.474,10.65,19.39,11.77,2.16,5.01,26.99,23.9141,7.08,5.05
2014-03-20 16:00:00,9.1178,7.42,12.375,10.57,19.29,11.7,2.16,5.01,27.1,23.8943,7.14,5.04
2014-03-21 16:00:00,8.542,7.59,11.979,9.93,19.32,11.36,2.16,5.01,26.9,25.0109,6.83,4.78
2014-03-24 16:00:00,8.494,7.48,12.1671,10.38,19.24,11.56,2.16,5.01,26.55,24.7639,7.01,4.74
2014-03-25 16:00:00,8.494,7.48,12.1671,10.38,19.24,11.56,2.16,5.01,26.55,24.7639,7.01,4.74
2014-03-26 16:00:00,8.5611,7.3,11.979,10.5,19.04,11.56,2.16,5.01,27.0,25.841,7.01,4.78
2014-03-27 16:00:00,8.494,7.2,12.0285,10.32,18.64,11.42,2.16,5.01,26.25,25.4952,6.84,4.65
2014-03-28 16:00:00,8.5516,7.28,11.9097,10.34,19.29,11.67,2.16,5.01,26.48,25.0505,6.96,4.69
2014-03-31 16:00:00,8.7339,7.27,11.88,10.24,19.44,11.87,2.16,5.01,26.8,25.09,6.99,4.66
2014-04-01 16:00:00,8.9834,7.29,11.8701,10.35,19.24,12.16,2.16,5.01,26.9,25.4457,7.1,4.7
2014-04-02 16:00:00,9.0506,7.34,12.4542,10.41,19.29,12.17,2.16,5.01,26.0,25.3766,7.18,4.68
2014-04-03 16:00:00,8.9739,7.25,12.1077,10.15,18.3,11.86,2.16,5.01,25.15,23.9141,6.94,4.6
2014-04-04 16:00:00,8.7339,7.11,11.88,9.87,18.67,12.07,2.16,5.01,25.06,23.8054,6.91,4.53
2014-04-07 16:00:00,8.7627,7.01,11.583,9.67,19.19,11.83,2.16,5.01,24.45,23.3212,6.98,4.45
2014-04-08 16:00:00,8.7339,6.8,11.583,9.8,18.4,11.91,2.16,5.01,25.0,23.4002,6.84,4.45
2014-04-09 16:00:00,8.6667,6.74,11.3751,9.89,18.09,11.87,2.16,5.01,24.92,22.8765,6.72,4.55
2014-04-10 16:00:00,8.542,6.71,11.1276,9.61,17.76,11.28,2.16,5.01,25.34,22.7776,6.8,4.5
2014-04-11 16:00:00,8.0717,6.62,10.791,9.19,17.47,10.95,2.16,5.01,24.8,22.6097,6.8,4.44
2014-04-14 16:00:00,7.8125,6.59,10.2267,8.85,17.09,10.39,2.16,5.01,24.04,22.6294,6.52,4.25
2014-04-15 16:00:00,7.8029,6.24,9.999,8.88,16.75,10.19,2.16,5.01,23.0,21.7401,6.28,4.25
2014-04-16 16:00:00,8.254,6.38,10.6722,9.15,16.9,10.72,2.16,5.01,23.96,21.246,6.64,4.3
2014-04-17 16:00:00,8.35,6.6,11.1078,9.93,17.37,11.3,2.16,5.01,25.0,23.084,6.75,4.49
2014-04-21 16:00:00,8.35,6.6,11.1078,9.93,17.37,11.3,2.16,5.01,25.0,23.084,6.75,4.49
2014-04-22 16:00:00,8.35,6.59,11.4741,10.24,17.39,11.36,2.16,5.01,25.1,22.7579,6.72,4.47
2014-04-23 16:00:00,8.1005,6.4,11.1375,10.15,17.19,11.23,2.16,5.01,24.91,22.0859,6.48,4.37
2014-04-24 16:00:00,8.1772,6.48,10.9395,10.23,17.76,11.04,2.16,5.01,25.01,22.5602,6.41,4.32
2014-04-25 16:00:00,8.158,6.28,10.7316,10.17,17.45,10.65,2.16,5.01,25.4,22.3132,6.38,4.2
2014-04-28 16:00:00,7.8701,6.12,10.494,9.84,17.39,10.31,2.16,5.01,24.44,21.6116,6.15,4.12
2014-04-29 16:00:00,7.8413,6.1,10.494,10.06,17.97,10.39,2.16,5.01,24.58,21.5227,6.19,4.43
2014-04-30 16:00:00,8.1389,6.17,11.3751,10.06,18.27,10.77,2.16,5.01,25.0,22.4318,6.43,4.6
2014-05-01 16:00:00,8.1389,6.17,11.3751,10.06,18.27,10.77,2.16,5.01,25.0,22.4318,6.43,4.6
2014-05-02 16:00:00,8.4748,6.35,11.385,9.84,18.68,10.87,2.16,5.01,24.9,22.333,6.43,4.68
2014-05-05 16:00:00,8.446,6.24,11.3157,9.83,18.32,10.87,2.16,5.01,24.94,23.0939,6.25,4.55
2014-05-06 16:00:00,8.0525,6.27,11.1276,9.71,18.51,10.64,2.16,5.01,24.85,23.2223,6.22,4.4
2014-05-07 16:00:00,8.4364,6.19,11.2662,9.95,18.24,11.23,2.16,5.01,25.0,22.8765,6.46,4.46
2014-05-08 16:00:00,8.3788,6.06,10.6524,10.02,17.58,10.92,2.16,5.01,25.0,23.3212,6.39,4.36
2014-05-09 16:00:00,8.0525,6.13,10.494,9.62,17.72,10.78,2.16,5.01,24.2,23.0247,6.25,4.3
2014-05-12 16:00:00,7.8221,5.89,10.395,9.27,17.04,10.38,2.16,5.01,23.23,21.8784,6.08,4.23
2014-05-13 16:00:00,7.7741,5.93,10.3455,9.27,16.8,10.38,2.16,5.01,23.8,21.4436,6.0,4.24
2014-05-14 16:00:00,8.0045,5.83,10.5138,9.8,16.8,10.49,2.16,5.01,24.4,21.829,6.09,4.37
2014-05-15 16:00:00,7.6398,5.34,9.999,9.36,16.31,9.97,2.16,5.01,23.7,20.7519,5.85,4.11
2014-05-16 16:00:00,7.5342,5.16,9.702,9.44,15.29,9.41,2.16,5.01,23.75,19.2301,5.64,3.88
2014-05-19 16:00:00,7.2943,5.14,9.603,9.1,15.87,9.3,2.16,5.01,23.01,19.2894,5.63,3.94
2014-05-20 16:00:00,7.6782,5.34,10.2762,9.54,16.58,10.21,2.16,5.01,24.39,20.4554,6.05,4.07
2014-05-21 16:00:00,7.7933,5.43,10.0188,9.75,16.07,10.04,2.16,5.01,24.7,21.1274,6.1,4.04
2014-05-22 16:00:00,7.8029,5.38,10.1277,9.61,16.07,10.4,2.16,5.01,24.61,22.2638,6.23,4.15
2014-05-23 16:00:00,7.9661,5.24,10.395,9.89,16.71,10.72,2.16,5.01,24.65,22.8271,6.3,4.11
2014-05-27 16:00:00,8.3596,5.53,10.9791,10.19,16.33,11.09,2.16,5.01,24.82,22.1847,6.5,4.53
2014-05-28 16:00:00,8.3692,5.78,10.89,11.0,16.85,11.21,2.16,5.01,25.3,23.1235,6.52,4.53
2014-05-29 16:00:00,8.158,5.54,10.494,11.27,16.87,10.93,2.16,5.01,26.1,22.6097,6.34,4.54
2014-05-30 16:00:00,8.1868,5.5,10.4049,11.14,18.02,10.88,2.16,5.01,28.8,21.9476,6.42,4.68
2014-06-02 16:00:00,8.5036,6.03,10.8207,11.01,17.92,11.36,2.16,5.01,29.0,23.3212,6.62,4.54
2014-06-03 16:00:00,8.494,5.96,10.4445,10.86,17.78,11.38,2.16,5.01,29.6,23.42,6.6,4.4
2014-06-04 16:00:00,8.542,6.09,10.7811,11.03,17.62,11.72,2.16,5.01,30.3,23.667,6.84,4.37
2014-06-05 16:00:00,8.6379,6.14,11.1573,11.25,17.91,11.89,2.16,5.01,31.62,24.8034,6.86,4.43
2014-06-06 16:00:00,8.7051,6.1,11.6226,11.18,17.91,11.93,2.16,5.01,31.9,24.4576,6.81,4.39
2014-06-09 16:00:00,8.7051,6.1,11.6226,11.18,17.91,11.93,2.16,5.01,31.9,24.4576,6.81,4.39
2014-06-10 16:00:00,8.7723,6.06,11.9889,11.62,18.07,12.02,2.16,5.01,32.8,26.3055,6.94,4.33
2014-06-11 16:00:00,8.7339,5.91,11.8701,11.87,17.78,11.92,2.16,5.01,32.88,26.3648,6.8,4.18
2014-06-12 16:00:00,8.7339,6.19,12.078,12.16,17.75,11.81,2.16,5.01,33.0,25.3766,6.8,4.25
2014-06-13 16:00:00,8.302,6.09,11.7909,11.58,17.45,11.52,2.16,5.01,32.6,24.5267,6.53,4.14
2014-06-16 16:00:00,8.4076,6.02,11.7315,11.18,17.59,11.38,2.16,5.01,32.0,24.2105,6.5,4.13
2014-06-17 16:00:00,8.3308,5.97,11.8008,11.41,17.36,11.32,2.16,5.01,31.4,24.675,6.5,4.06
2014-06-18 16:00:00,8.35,6.01,11.9295,11.72,17.58,11.53,2.16,5.01,32.49,24.8034,6.48,4.16
2014-06-19 16:00:00,8.494,6.17,11.8305,11.67,17.72,11.67,2.16,5.01,32.9,25.1789,6.73,4.3
2014-06-20 16:00:00,8.4748,6.31,11.88,12.19,17.95,11.82,2.16,5.01,34.4,25.0208,6.77,4.38
2014-06-23 16:00:00,8.302,6.21,11.484,11.79,17.86,11.47,2.16,5.01,33.5,24.2303,6.53,4.41
2014-06-24 16:00:00,8.2156,6.05,11.2563,11.49,17.54,11.43,2.16,5.01,31.0,24.1117,6.41,4.33
2014-06-25 16:00:00,8.1484,5.96,11.3058,11.73,17.58,11.09,2.16,5.01,31.0,24.8099,6.4,4.3
2014-06-26 16:00:00,8.1005,6.02,11.1969,11.54,17.62,11.16,2.16,5.01,29.95,24.6313,6.4,4.32
2014-06-27 16:00:00,8.0429,5.86,10.6821,11.49,17.63,10.74,2.16,5.01,29.0,23.6191,6.09,4.29
2014-06-30 16:00:00,7.9661,5.78,10.692,11.62,17.97,11.17,2.16,5.01,29.1,23.5,6.08,4.37
2014-07-01 16:00:00,7.8221,5.92,10.692,11.67,18.27,10.88,2.16,5.01,30.75,24.1153,6.28,4.4
2014-07-02 16:00:00,8.0237,5.88,11.0286,11.76,18.51,10.98,2.16,5.01,31.37,24.1153,6.37,4.47
2014-07-03 16:00:00,8.0429,5.99,11.187,11.85,18.21,10.88,2.16,5.01,32.41,24.413,6.45,4.48
2014-07-07 16:00:00,7.7741,5.86,11.187,11.94,17.85,11.14,2.16,5.01,32.1,23.7183,6.37,4.33
2014-07-08 16:00:00,7.5246,5.68,10.6425,11.62,17.11,10.61,2.16,5.01,32.0,22.6267,6.12,4.26
2014-07-09 16:00:00,7.419,5.68,10.3752,11.18,16.96,10.63,2.16,5.01,32.69,22.8152,6.06,4.27
2014-07-10 16:00:00,7.3806,5.48,10.296,10.73,17.09,10.29,2.16,5.01,31.96,21.8327,5.97,4.24
2014-07-11 16:00:00,7.563,5.39,10.395,10.91,16.85,10.13,2.16,5.01,30.99,21.5449,5.88,4.13
2014-07-14 16:00:00,7.563,5.46,10.494,11.13,17.07,10.47,2.16,5.01,31.34,22.3091,6.0,4.22
2014-07-15 16:00:00,7.7166,5.49,10.4247,11.0,17.07,10.32,2.16,5.01,31.3,22.8251,6.18,4.19
2014-07-16 16:00:00,7.4958,5.71,10.593,10.73,16.99,10.36,2.16,5.01,31.35,22.5473,6.1,4.22
2014-07-17 16:00:00,7.4382,5.67,10.6128,10.64,16.78,10.59,2.16,5.01,31.52,23.2221,6.1,4.2
2014-07-18 16:00:00,7.2079,5.49,10.3455,10.64,16.55,10.33,2.16,5.01,30.53,22.5373,6.0,4.14
2014-07-21 16:00:00,7.1983,5.5,10.3158,10.64,16.36,10.12,2.16,5.01,30.62,22.7557,5.96,4.08
2014-07-22 16:00:00,7.3326,5.5,10.2762,10.49,16.6,10.1,2.16,5.01,30.7,22.7259,6.2,4.16
2014-07-23 16:00:00,7.371,5.53,10.3059,10.55,16.79,10.1,2.16,5.01,31.0,22.3686,6.36,4.24
2014-07-24 16:00:00,7.5342,5.87,10.296,10.73,17.31,10.49,2.16,5.01,31.9,23.0236,6.55,4.4
2014-07-25 16:00:00,7.6686,6.04,10.7415,11.2,17.41,11.02,2.16,5.01,32.05,23.3313,6.68,4.43
2014-07-28 16:00:00,7.5918,6.02,10.6623,11.4,17.72,11.23,2.16,5.01,32.0,23.8473,6.55,4.45
2014-07-29 16:00:00,7.4382,5.97,10.5435,11.42,17.6,11.08,2.16,5.01,31.76,23.5198,6.58,4.4
2014-07-30 16:00:00,7.3422,6.02,10.5336,11.36,17.55,10.98,2.16,5.01,31.9,23.4504,6.64,4.43
2014-07-31 16:00:00,7.1215,5.87,10.1871,10.9,16.72,10.83,2.16,5.01,31.3,22.8251,6.41,4.31
2014-08-01 16:00:00,7.1791,5.77,10.0386,10.73,17.2,10.88,2.16,5.01,31.6,22.3786,6.42,4.26
2014-08-04 16:00:00,7.2463,5.7,10.0386,11.0,16.92,10.98,2.16,5.01,31.3,22.319,6.38,4.22
2014-08-05 16:00:00,6.9295,5.51,9.6822,10.54,16.6,10.58,2.16,5.01,30.93,21.4358,6.2,4.07
2014-08-06 16:00:00,6.9487,5.5,9.4446,10.61,16.73,10.2,2.16,5.01,30.9,20.2945,6.02,3.91
2014-08-07 16:00:00,6.824,5.46,9.3159,10.66,16.78,10.29,2.16,5.01,29.05,19.3518,5.9,3.82
2014-08-08 16:00:00,6.4497,5.15,9.2367,10.51,16.52,9.91,2.16,5.01,27.51,18.1807,5.63,3.71
2014-08-11 16:00:00,6.5744,5.25,9.7515,10.82,16.71,10.13,2.16,5.01,28.2,19.2525,5.72,3.79
2014-08-12 16:00:00,6.7184,5.41,10.0584,10.82,16.72,10.14,2.16,5.01,28.8,20.106,5.88,3.85
2014-08-13 16:00:00,6.8048,5.5,10.098,10.73,17.51,10.28,2.16,5.01,30.47,20.3938,5.95,3.93
2014-08-14 16:00:00,6.7664,5.53,10.197,10.88,16.77,10.62,2.16,5.01,30.58,20.3441,5.98,4.01
2014-08-15 16:00:00,6.7664,5.53,10.197,10.88,16.77,10.62,2.16,5.01,30.58,20.3441,5.98,4.01
2014-08-18 16:00:00,6.5168,5.28,9.9,10.35,16.03,10.26,2.16,5.01,30.05,19.848,5.87,3.89
2014-08-19 16:00:00,6.5744,5.43,10.098,10.71,16.45,10.39,2.16,5.01,30.36,19.7487,6.06,4.02
2014-08-20 16:00:00,6.5744,5.44,10.3653,11.04,16.05,10.6,2.16,5.01,30.25,19.9968,6.18,4.0
2014-08-21 16:00:00,6.8432,5.55,10.6425,11.0,16.57,10.69,2.16,5.01,30.25,20.1953,6.3,4.1
2014-08-22 16:00:00,6.8624,5.54,10.593,11.13,16.82,10.88,2.16,5.01,29.8,20.3243,6.28,4.04
2014-08-25 16:00:00,6.8816,5.52,10.8405,11.05,16.83,10.9,2.16,5.01,30.06,20.2846,6.29,4.09
2014-08-26 16:00:00,7.0543,5.64,10.8801,10.99,16.56,11.08,2.16,5.01,30.6,20.6716,6.39,4.05
2014-08-27 16:00:00,6.9775,5.62,10.791,10.95,16.57,10.95,2.16,5.01,30.95,20.6022,6.33,4.05
2014-08-28 16:00:00,6.8144,5.58,10.8405,11.09,16.41,10.78,2.16,5.01,31.9,20.5327,6.25,3.96
2014-08-29 16:00:00,6.8144,5.55,10.7712,10.81,16.57,10.93,2.16,5.01,31.5,20.1457,6.18,4.09
2014-09-02 16:00:00,6.7664,5.53,10.593,10.81,16.42,10.94,2.16,5.01,31.5,19.7487,6.24,4.09
2014-09-03 16:00:00,6.8528,5.5,10.791,10.88,16.43,11.07,2.16,5.01,31.5,19.848,6.35,4.09
2014-09-04 16:00:00,7.0063,5.54,10.89,11.0,16.82,11.07,2.16,5.01,31.35,19.848,6.63,4.08
2014-09-05 16:00:00,7.2079,5.79,10.9989,11.03,16.81,11.25,2.16,5.01,31.5,20.8701,6.79,4.13
2014-09-08 16:00:00,7.1023,5.74,11.0682,11.0,16.77,11.4,2.16,5.01,30.91,20.8403,6.8,4.2
2014-09-09 16:00:00,6.9103,5.6,10.8009,10.62,16.5,11.31,2.16,5.01,29.8,20.2449,6.66,4.1
2014-09-10 16:00:00,7.0543,5.6,10.9395,10.61,16.67,11.16,2.16,5.01,29.5,19.9273,6.69,4.04
2014-09-11 16:00:00,7.1503,5.59,11.1969,10.44,16.44,11.35,2.16,5.01,29.5,19.848,6.6,4.07
2014-09-12 16:00:00,7.1887,5.55,11.1474,10.46,16.29,11.13,2.16,5.01,29.3,19.7983,6.6,3.98
2014-09-15 16:00:00,6.9679,5.38,11.2365,10.29,16.3,11.04,2.16,5.01,29.45,19.9174,6.49,3.98
2014-09-16 16:00:00,6.7184,5.3,10.989,10.43,15.74,10.72,2.16,5.01,29.5,18.9548,6.32,3.9
2014-09-17 16:00:00,6.7184,5.18,11.2365,10.52,15.74,10.66,2.16,5.01,31.48,18.8556,6.4,3.82
2014-09-18 16:00:00,6.4401,5.24,10.9593,10.55,15.74,10.39,2.16,5.01,30.78,18.8556,6.16,3.72
2014-09-19 16:00:00,6.6416,5.42,11.484,10.91,15.49,10.8,2.16,5.01,31.5,19.9273,6.72,3.79
2014-09-22 16:00:00,6.8048,5.44,11.2365,10.73,15.54,10.78,2.16,5.01,30.75,19.848,6.68,3.88
2014-09-23 16:00:00,6.5744,5.27,10.9296,10.35,15.45,10.36,2.16,5.01,29.12,19.3121,6.36,3.78
2014-09-24 16:00:00,6.4017,5.36,10.9395,10.19,15.47,10.35,2.16,5.01,29.95,19.848,6.4,3.74
2014-09-25 16:00:00,6.1233,5.32,10.593,9.97,15.15,9.94,2.16,5.01,29.71,19.4609,6.21,3.62
2014-09-26 16:00:00,6.0178,5.32,10.5237,9.87,15.28,9.99,2.16,5.01,30.0,19.7686,6.11,3.6
2014-09-29 16:00:00,5.6626,5.09,10.2465,9.54,14.6,9.42,2.16,5.01,29.2,19.5502,5.99,3.37
2014-09-30 16:00:00,5.8066,5.18,10.296,9.25,14.58,9.3,2.16,5.01,29.45,19.6495,6.17,3.44
2014-10-01 16:00:00,5.6339,4.96,10.4544,9.44,14.76,8.95,2.16,5.01,28.41,19.5502,6.05,3.37
2014-10-02 16:00:00,5.5859,4.88,10.0485,9.84,14.85,8.76,2.16,5.01,28.41,20.6419,6.0,3.29
2014-10-03 16:00:00,5.6626,4.79,10.296,9.73,15.13,8.85,2.16,5.01,28.1,20.5426,5.97,3.29
2014-10-06 16:00:00,5.5475,4.72,10.4445,9.46,15.05,8.77,2.16,5.01,27.42,19.848,5.95,3.32
2014-10-07 16:00:00,5.4995,4.62,10.395,9.17,14.76,8.25,2.16,5.01,26.29,19.6495,5.8,3.27
2014-10-08 16:00:00,5.4803,4.81,10.4247,8.94,14.75,8.05,2.16,5.01,26.7,19.6495,5.88,3.3
2014-10-09 16:00:00,5.4803,4.84,10.395,9.18,15.21,7.99,2.16,5.01,27.35,19.6495,6.03,3.44
2014-10-10 16:00:00,5.3843,4.82,10.0188,8.98,14.95,7.77,2.16,5.01,26.5,19.3418,5.9,3.37
2014-10-13 16:00:00,5.3363,4.88,10.0287,9.15,14.85,7.85,2.16,5.01,26.0,18.9746,5.89,3.27
2014-10-14 16:00:00,5.2787,4.59,9.702,8.49,14.75,7.16,2.16,5.01,24.0,17.754,5.61,3.06
2014-10-15 16:00:00,4.9812,4.36,9.207,7.67,14.36,6.47,2.16,5.01,23.3,16.8708,5.24,2.74
2014-10-16 16:00:00,4.9428,4.2,8.7714,7.15,14.09,6.13,2.16,5.01,23.5,16.6723,5.02,2.73
2014-10-17 16:00:00,5.4707,4.5,9.9,7.91,14.95,6.38,2.16,5.01,26.49,17.6647,5.58,2.97
2014-10-20 16:00:00,5.4035,4.5,9.6129,7.99,14.95,6.48,2.16,5.01,26.5,17.8632,5.67,2.92
2014-10-21 16:00:00,5.6243,4.8,9.9198,8.62,15.13,6.97,2.16,5.01,27.47,19.2823,5.77,3.09
2014-10-22 16:00:00,5.7202,4.71,9.7515,8.76,15.0,6.89,2.16,5.01,27.0,19.7487,5.9,3.06
2014-10-23 16:00:00,5.8546,4.57,9.7911,8.94,14.83,6.73,2.16,5.01,26.85,19.5205,5.91,3.03
2014-10-24 16:00:00,5.989,4.55,9.5535,8.66,14.73,6.43,2.16,5.01,26.61,19.2426,5.71,3.08
2014-10-27 16:00:00,5.9026,4.29,8.9694,8.54,13.49,6.21,2.16,5.01,26.79,18.3594,5.35,2.89
2014-10-28 16:00:00,5.9026,4.29,8.9694,8.54,13.49,6.21,2.16,5.01,26.79,18.3594,5.35,2.89
2014-10-29 16:00:00,5.4227,4.2,9.2565,8.58,13.35,5.79,2.16,5.01,27.2,18.3594,5.35,2.87
2014-10-30 16:00:00,5.0964,4.13,9.0684,8.26,12.61,5.74,2.16,5.01,27.0,17.5555,5.27,2.7
2014-10-31 16:00:00,5.154,4.1,8.9199,8.65,12.1,6.0,2.16,5.01,26.1,17.5555,5.13,2.55
2014-11-03 16:00:00,5.4131,4.25,9.3654,8.99,12.17,6.33,2.16,5.01,26.27,18.3891,5.43,2.63
2014-11-04 16:00:00,5.3747,4.31,9.3852,9.07,12.98,6.39,2.16,5.01,25.92,18.2601,5.42,2.77
2014-11-05 16:00:00,5.5667,4.32,9.4644,8.92,13.43,6.61,2.16,5.01,26.3,18.7563,5.66,2.78
2014-11-06 16:00:00,5.6434,4.47,9.3654,8.85,13.97,6.73,2.16,5.01,26.33,19.0937,5.82,2.78
2014-11-07 16:00:00,5.3747,4.19,8.9694,8.58,13.16,6.41,2.16,5.01,25.6,18.5082,5.75,2.53
2014-11-10 16:00:00,5.2787,4.17,8.8011,8.32,12.79,6.13,2.16,5.01,24.6,18.2303,5.65,2.48
2014-11-11 16:00:00,5.3843,4.03,8.8605,8.09,13.04,5.96,2.16,5.01,24.7,18.3891,5.6,2.23
2014-11-12 16:00:00,5.3267,4.01,8.6229,8.2,12.97,5.69,2.16,5.01,24.3,18.2601,5.56,2.17
2014-11-13 16:00:00,5.2883,4.05,8.4744,8.05,13.22,5.69,2.16,5.01,25.0,18.5578,5.77,2.17
2014-11-14 16:00:00,5.2787,4.25,8.712,8.2,13.86,5.84,2.16,5.01,24.94,18.8159,5.81,2.17
2014-11-17 16:00:00,5.1828,4.36,8.3853,8.09,13.57,5.77,2.16,5.01,24.8,18.5578,5.7,2.06
2014-11-18 16:00:00,5.4035,4.45,8.8605,8.36,13.75,6.29,2.16,5.01,25.45,18.6571,5.9,2.15
2014-11-19 16:00:00,5.6722,4.56,9.0882,8.49,13.77,6.54,2.16,5.01,27.28,20.0961,6.01,2.2
2014-11-20 16:00:00,5.5667,4.59,9.1674,8.49,13.77,6.53,2.16,5.01,27.18,20.1457,5.99,2.27
2014-11-21 16:00:00,5.9506,4.69,9.7515,8.76,13.97,6.68,2.16,5.01,28.72,20.106,6.12,2.38
2014-11-24 16:00:00,5.7394,4.73,9.8505,8.81,13.66,6.5,2.16,5.01,28.76,19.838,6.21,2.3
2014-11-25 16:00:00,5.3747,4.6,9.801,8.58,13.67,6.15,2.16,5.01,28.0,18.667,5.99,2.16
2014-11-26 16:00:00,5.6626,4.68,10.0188,8.83,13.67,6.39,2.16,5.01,28.68,18.9647,6.1,2.13
2014-11-28 16:00:00,5.4899,4.49,9.7515,9.01,13.49,6.13,2.16,5.01,29.62,18.9151,5.99,2.09
2014-12-01 16:00:00,5.4803,4.43,9.801,9.33,13.77,6.05,2.16,5.01,30.5,18.4586,6.08,2.02
2014-12-02 16:00:00,5.5475,4.6,9.801,9.79,14.26,6.49,2.16,5.01,31.99,18.8556,6.2,2.11
2014-12-03 16:00:00,5.7586,4.7,9.8901,9.66,14.24,6.93,2.16,5.01,31.9,19.58,6.2,2.12
2014-12-04 16:00:00,5.7586,4.64,9.801,9.7,14.26,6.89,2.16,5.01,31.9,19.9869,6.12,2.05
2014-12-05 16:00:00,6.0466,4.87,10.296,9.97,15.21,7.42,2.16,5.01,31.59,20.7411,6.34,2.27
2014-12-08 16:00:00,6.0274,4.82,10.1475,9.79,15.05,7.46,2.16,5.01,31.5,21.1381,6.32,2.4
2014-12-09 16:00:00,5.2211,4.05,9.0981,8.49,13.77,5.74,2.16,5.01,29.15,19.6197,5.45,2.01
2014-12-10 16:00:00,5.1252,4.05,9.0585,8.24,13.28,6.04,2.16,5.01,29.47,19.2823,5.36,2.07
2014-12-11 16:00:00,4.8756,3.78,8.2665,7.34,11.36,5.4,2.16,5.01,25.8,18.6075,4.87,1.96
2014-12-12 16:00:00,4.8084,3.7,8.514,7.54,11.14,5.32,2.16,5.01,26.0,18.6174,4.79,1.91
2014-12-15 16:00:00,4.8468,3.7,9.009,7.91,11.28,5.44,2.16,5.01,26.73,18.6571,4.88,1.82
2014-12-16 16:00:00,4.866,3.85,8.9397,8.05,11.61,5.69,2.16,5.01,26.51,18.8556,4.93,1.8
2014-12-17 16:00:00,5.0292,4.0,9.1575,8.36,12.1,6.04,2.16,5.01,28.0,19.3518,5.16,1.82
2014-12-18 16:00:00,5.0772,4.15,9.0585,8.33,11.94,6.06,2.16,5.01,28.5,19.064,5.22,1.87
2014-12-19 16:00:00,4.8372,4.09,8.9595,8.05,11.8,5.96,2.16,5.01,26.2,19.4212,5.25,1.93
2014-12-22 16:00:00,4.7413,3.94,9.3456,8.54,11.71,6.12,2.16,5.01,26.27,19.8777,5.1,1.89
2014-12-23 16:00:00,4.6357,3.9,9.405,8.49,11.7,5.75,2.16,5.01,26.55,19.6495,4.93,1.78
2014-12-24 16:00:00,4.6357,3.9,9.405,8.49,11.7,5.75,2.16,5.01,26.55,19.6495,4.93,1.78
2014-12-26 16:00:00,4.6357,3.9,9.405,8.49,11.7,5.75,2.16,5.01,26.55,19.6495,4.93,1.78
2014-12-29 16:00:00,4.367,3.73,9.1674,8.0,10.82,5.34,2.16,5.01,26.69,18.1609,4.6,1.88
2014-12-30 16:00:00,4.4149,3.93,9.009,7.67,10.52,5.38,2.16,5.01,25.9,18.7464,4.56,1.88
2014-12-31 16:00:00,4.4629,3.8,9.009,7.96,10.33,5.34,2.16,5.01,26.4,19.0243,4.64,1.86
2015-01-02 16:00:00,4.5589,3.79,9.2565,8.31,10.52,5.49,2.16,5.01,26.5,18.8655,4.71,1.95
2015-01-05 16:00:00,4.3957,3.52,8.9694,7.7,9.83,5.02,2.16,5.01,24.17,18.5578,4.41,1.85
2015-01-06 16:00:00,4.3957,3.52,8.9694,7.7,9.83,5.02,2.16,5.01,24.17,18.5578,4.41,1.85
2015-01-07 16:00:00,4.319,3.56,8.6625,7.42,10.21,4.92,2.16,5.01,24.0,18.8556,4.35,1.87
2015-01-08 16:00:00,4.4437,3.53,8.3556,7.24,9.84,4.71,2.16,5.01,24.5,18.4586,4.18,1.8
2015-01-09 16:00:00,4.4917,3.63,8.3061,7.53,10.18,4.88,2.16,5.01,25.29,19.1533,4.3,1.87
2015-01-12 16:00:00,4.7029,3.72,8.4249,8.06,10.5,5.14,2.16,5.01,26.6,19.451,4.44,1.96
2015-01-13 16:00:00,4.7989,3.75,8.7714,8.49,10.71,5.25,2.16,5.01,27.0,19.5502,4.58,1.98
2015-01-14 16:00:00,4.6933,3.6,8.8902,8.64,10.03,4.98,2.16,5.01,26.7,18.9349,4.54,1.9
2015-01-15 16:00:00,4.5109,3.5,8.712,8.39,9.71,4.85,2.16,5.01,26.75,19.2029,4.55,1.94
2015-01-16 16:00:00,4.4341,3.51,8.9397,7.79,9.7,4.72,2.16,5.01,27.0,18.8556,4.54,1.94
2015-01-20 16:00:00,4.6261,3.56,8.7516,7.7,10.05,5.13,2.16,5.01,28.0,19.451,5.0,2.0
2015-01-21 16:00:00,4.4245,3.5,8.7417,7.6,9.76,4.89,2.16,5.01,26.5,19.4311,4.88,1.91
2015-01-22 16:00:00,4.5397,3.59,8.514,7.79,9.8,5.11,2.16,5.01,26.45,19.3319,4.97,1.96
2015-01-23 16:00:00,5.0388,3.78,8.9496,8.11,10.55,5.57,2.16,5.01,28.0,19.9373,5.44,2.09
2015-01-26 16:00:00,4.8948,3.69,8.9595,7.65,10.23,5.76,2.16,5.01,26.82,19.8976,5.56,2.2
2015-01-27 16:00:00,4.7029,3.62,8.811,7.11,10.61,5.12,2.16,5.01,26.59,20.0365,5.65,2.18
2015-01-28 16:00:00,4.4149,3.54,7.6923,6.28,9.84,4.4,2.16,5.01,27.0,18.7563,5.25,2.19
2015-01-29 16:00:00,4.818,3.78,7.524,6.63,10.13,4.73,2.16,5.01,26.49,19.5999,5.25,2.29
2015-01-30 16:00:00,4.5589,3.76,7.2468,6.87,9.73,4.75,2.16,5.01,26.49,19.5999,5.03,2.15
2015-02-02 16:00:00,4.8468,3.86,7.6527,7.33,10.5,5.07,2.16,5.01,28.9,19.848,5.5,2.17
2015-02-03 16:00:00,5.5667,4.12,8.7912,8.36,11.31,5.63,2.16,5.01,30.85,20.6419,6.12,2.43
2015-02-04 16:00:00,5.5955,4.15,8.613,8.15,11.59,5.44,2.16,5.01,30.2,20.7213,5.96,2.49
2015-02-05 16:00:00,5.4707,4.05,8.0685,7.72,11.39,5.21,2.16,5.01,30.0,21.1381,5.95,2.44
2015-02-06 16:00:00,5.2787,3.99,8.0685,8.06,11.55,5.1,2.16,5.01,29.9,21.8327,5.9,2.44
2015-02-09 16:00:00,5.0292,3.86,7.5834,7.55,10.94,5.13,2.16,5.01,29.3,21.8327,5.51,2.36
2015-02-10 16:00:00,5.5571,4.26,7.7616,8.13,12.79,5.58,2.16,5.01,29.5,23.0931,6.15,2.75
2015-02-11 16:00:00,5.4707,4.05,7.4844,7.79,12.48,5.19,2.16,5.01,28.2,22.1602,5.94,2.74
2015-02-12 16:00:00,5.9314,4.1,7.9695,8.24,12.79,5.48,2.16,5.01,29.54,23.3213,6.21,3.0
2015-02-13 16:00:00,6.0945,4.24,8.4942,9.07,13.5,6.13,2.16,5.01,30.64,23.6191,6.4,3.31
2015-02-17 16:00:00,5.797,3.84,7.524,7.93,13.08,5.92,2.16,5.01,30.3,23.5694,6.12,3.28
2015-02-18 16:00:00,5.9026,4.12,7.425,7.7,13.32,5.84,2.16,5.01,29.16,23.3213,6.42,3.54
2015-02-19 16:00:00,5.9026,4.26,7.425,7.74,14.01,6.03,2.16,5.01,28.64,23.4702,6.4,3.67
2015-02-20 16:00:00,5.7586,4.25,7.6824,7.6,14.6,5.99,2.16,5.01,27.5,23.2816,6.48,3.78
2015-02-23 16:00:00,5.7586,4.25,7.6824,7.6,14.6,5.99,2.16,5.01,27.5,23.2816,6.48,3.78
2015-02-24 16:00:00,6.3345,4.62,8.91,8.34,16.08,6.81,2.16,5.01,29.89,23.5198,6.94,4.08
2015-02-25 16:00:00,6.2865,4.6,8.9397,8.35,15.73,7.42,2.16,5.01,29.93,23.3809,6.74,4.03
2015-02-26 16:00:00,6.1521,4.46,9.009,7.92,15.07,7.22,2.16,5.01,30.0,22.5572,6.44,3.99
2015-02-27 16:00:00,5.9794,4.5,8.811,7.54,14.69,6.93,2.16,5.01,28.3,22.4183,6.26,3.84
2015-03-02 16:00:00,5.9602,4.46,9.0585,7.92,14.07,6.44,2.16,5.01,28.59,23.3213,6.2,3.73
2015-03-03 16:00:00,5.9122,4.49,8.91,7.76,14.61,6.25,2.16,5.01,27.98,21.9816,6.1,3.77
2015-03-04 16:00:00,5.9026,4.37,8.9694,7.97,14.2,6.33,2.16,5.01,27.8,22.2694,6.2,3.52
2015-03-05 16:00:00,5.9218,4.29,9.0486,8.17,13.92,6.12,2.16,5.01,28.0,21.8327,6.25,3.38
2015-03-06 16:00:00,5.8834,4.25,9.009,8.25,14.03,6.08,2.16,5.01,27.6,22.3289,6.17,3.33
2015-03-09 16:00:00,5.5475,4.03,8.8407,7.97,13.37,5.54,2.16,5.01,27.5,22.2297,5.86,3.1
2015-03-10 16:00:00,5.6434,4.05,9.0486,8.03,13.51,5.64,2.16,5.01,27.0,22.3091,5.83,3.2
2015-03-11 16:00:00,5.3843,3.97,8.9595,7.82,12.64,5.52,2.16,5.01,27.15,21.1381,5.86,3.19
2015-03-12 16:00:00,5.2787,3.91,8.9595,7.64,12.2,5.47,2.16,5.01,27.4,21.4358,5.69,3.13
2015-03-13 16:00:00,4.962,3.83,8.5041,7.7,11.83,5.13,2.16,5.01,27.0,21.3167,5.6,2.96
2015-03-16 16:00:00,4.7989,3.73,8.2071,7.51,11.38,4.86,2.16,5.01,26.2,20.8403,5.48,3.04
2015-03-17 16:00:00,4.7605,3.69,8.415,7.79,11.54,5.08,2.16,5.01,25.43,21.5946,5.66,2.96
2015-03-18 16:00:00,4.5589,3.54,8.415,7.27,11.21,4.85,2.16,5.01,24.69,20.761,5.32,2.85
2015-03-19 16:00:00,4.4629,3.46,8.019,7.19,10.98,4.79,2.16,5.01,24.8,20.1754,5.26,2.62
2015-03-20 16:00:00,4.6069,3.42,8.316,7.06,10.82,4.96,2.16,5.01,24.1,20.1556,5.4,2.71
2015-03-23 16:00:00,4.6741,3.49,8.613,7.24,10.71,5.24,2.16,5.01,25.5,20.89,5.45,2.76
2015-03-24 16:00:00,4.866,3.67,8.8803,7.57,10.72,5.77,2.16,5.01,27.24,21.7236,5.78,2.9
2015-03-25 16:00:00,4.866,3.67,8.8803,7.57,10.72,5.77,2.16,5.01,27.24,21.7236,5.78,2.9
2015-03-26 16:00:00,4.6741,3.59,8.7615,7.45,10.79,5.34,2.16,5.01,26.5,20.8403,5.61,2.8
2015-03-27 16:00:00,4.7029,3.63,8.6031,7.33,10.7,5.62,2.16,5.01,26.79,20.8304,5.54,2.81
2015-03-30 16:00:00,4.5685,3.62,8.2269,7.69,11.51,5.74,2.16,5.01,27.89,20.4235,5.68,2.91
2015-03-31 16:00:00,4.4821,3.55,8.1675,8.0,11.02,5.64,2.16,5.01,27.74,21.2075,5.58,3.01
2015-04-01 16:00:00,4.6549,3.56,7.92,8.08,10.62,5.43,2.16,5.01,27.4,20.5029,5.65,2.96
2015-04-02 16:00:00,4.5685,3.53,8.118,8.08,10.66,5.44,2.16,5.01,27.2,21.2175,5.98,2.91
2015-04-06 16:00:00,4.5685,3.53,8.118,8.08,10.66,5.44,2.16,5.01,27.2,21.2175,5.98,2.91
2015-04-07 16:00:00,4.5973,3.56,8.2269,8.18,11.11,5.36,2.16,5.01,26.4,21.3365,5.97,2.86
2015-04-08 16:00:00,4.5685,3.56,8.2566,7.92,11.07,5.32,2.16,5.01,26.1,21.7831,5.75,2.78
2015-04-09 16:00:00,4.7509,3.6,8.1972,7.88,11.21,5.39,2.16,5.01,25.65,21.8327,5.93,2.77
2015-04-10 16:00:00,4.7509,3.6,8.1972,7.88,11.21,5.39,2.16,5.01,25.65,21.8327,5.93,2.77
2015-04-13 16:00:00,4.7509,3.6,8.1972,7.88,11.21,5.39,2.16,5.01,25.65,21.8327,5.93,2.77
2015-04-14 16:00:00,4.7221,3.71,7.7913,8.06,11.04,4.95,2.16,5.01,25.27,21.8327,5.79,2.62
2015-04-15 16:00:00,4.5877,3.67,7.4844,7.79,11.11,4.75,2.16,5.01,25.0,21.4358,5.58,2.52
2015-04-16 16:00:00,4.7221,3.7,7.524,7.75,11.21,5.04,2.16,5.01,25.95,22.2297,5.52,2.5
2015-04-17 16:00:00,4.6069,3.65,7.425,7.33,11.79,4.81,2.16,5.01,25.7,21.8327,5.22,2.5
2015-04-20 16:00:00,4.7125,3.65,7.326,7.33,11.98,4.8,2.16,5.01,24.4,21.7633,5.3,2.6
2015-04-21 16:00:00,4.4341,3.65,6.9795,7.22,11.51,4.25,2.16,5.01,23.25,21.3266,5.18,2.52
2015-04-22 16:00:00,4.4341,3.6,7.2072,7.31,11.28,4.52,2.16,5.01,22.4,20.8403,5.44,2.72
2015-04-23 16:00:00,4.6069,3.64,7.524,7.63,11.31,4.82,2.16,5.01,22.6,20.89,5.5,2.75
2015-04-24 16:00:00,4.7989,3.83,7.7022,7.58,12.2,4.92,2.16,5.01,23.9,22.3389,5.63,2.72
2015-04-27 16:00:00,5.154,4.1,7.8705,7.83,12.87,5.39,2.16,5.01,23.84,22.6068,5.94,2.86
2015-04-28 16:00:00,5.2787,4.3,8.0487,7.75,12.88,5.52,2.16,5.01,24.28,22.448,5.96,2.95
2015-04-29 16:00:00,5.2787,4.33,7.9002,7.73,13.03,5.4,2.16,5.01,24.49,22.3289,5.9,2.94
2015-04-30 16:00:00,5.5667,4.44,8.019,7.78,13.77,5.93,2.16,5.01,26.9,22.3289,6.15,2.63
2015-05-01 16:00:00,5.5667,4.44,8.019,7.78,13.77,5.93,2.16,5.01,26.9,22.3289,6.15,2.63
2015-05-04 16:00:00,5.3843,4.33,8.1675,7.87,13.97,5.74,2.16,5.01,27.5,22.577,6.05,2.39
2015-05-05 16:00:00,5.1252,4.15,8.118,7.83,13.38,5.22,2.16,5.01,25.95,22.2297,5.74,2.28
2015-05-06 16:00:00,5.3363,4.27,8.3655,8.12,13.74,5.54,2.16,5.01,26.8,22.4877,5.98,2.3
2015-05-07 16:00:00,5.4707,4.54,8.2467,8.17,15.05,5.78,2.16,5.01,26.3,22.3786,6.23,2.48
2015-05-08 16:00:00,5.4707,4.42,8.118,8.41,14.73,5.68,2.16,5.01,25.75,22.1205,6.04,2.56
2015-05-11 16:00:00,5.1252,4.41,7.9002,8.22,14.28,5.44,2.16,5.01,25.53,22.1305,6.09,2.37
2015-05-12 16:00:00,5.2979,4.45,8.118,8.31,15.1,5.43,2.16,5.01,26.48,22.3289,6.24,2.43
2015-05-13 16:00:00,5.3075,4.67,8.415,8.31,14.8,5.13,2.16,5.01,27.37,21.9717,6.15,2.38
2015-05-14 16:00:00,5.4707,4.64,8.6625,8.36,14.63,4.95,2.16,5.01,28.0,22.3289,6.18,2.34
2015-05-15 16:00:00,5.2307,4.43,8.5338,8.33,14.74,4.9,2.16,5.01,27.0,21.4358,5.93,2.32
2015-05-18 16:00:00,5.2499,4.42,8.514,8.14,15.22,5.2,2.16,5.01,26.53,20.7907,6.12,2.33
2015-05-19 16:00:00,5.3363,4.68,8.5635,8.41,15.18,5.22,2.16,5.01,26.3,21.0686,6.3,2.37
2015-05-20 16:00:00,5.3363,4.66,8.415,8.51,14.94,5.02,2.16,5.01,26.25,20.88,6.25,2.47
2015-05-21 16:00:00,5.3267,4.68,8.415,8.49,15.12,5.13,2.16,5.01,25.75,20.8503,6.24,2.45
2015-05-22 16:00:00,5.2595,4.6,8.1378,8.32,15.22,5.01,2.16,5.01,26.4,21.6243,6.22,2.49
2015-05-26 16:00:00,4.98,4.66,8.0091,8.37,15.15,4.7,2.16,5.01,25.0,21.2373,6.2,2.45
2015-05-27 16:00:00,5.4,4.91,8.415,8.8,15.19,5.23,2.16,5.01,25.83,20.7907,6.27,2.5
2015-05-28 16:00:00,5.4,4.84,8.3556,8.64,14.83,4.91,2.16,5.01,25.99,20.5426,6.19,2.43
2015-05-29 16:00:00,5.25,4.84,7.9992,8.71,13.87,4.51,2.16,5.01,24.9,20.8106,5.92,2.49
2015-06-01 16:00:00,5.25,4.84,7.9992,8.71,13.87,4.51,2.16,5.01,24.9,20.8106,5.92,2.49
2015-06-02 16:00:00,5.3,4.5,7.5735,8.12,14.06,4.63,2.16,5.01,24.0,20.3243,6.0,2.47
2015-06-03 16:00:00,5.47,4.75,8.217,8.39,14.31,4.89,2.16,5.01,24.4,20.89,6.2,2.52
2015-06-04 16:00:00,5.53,4.71,8.1081,8.07,14.13,4.86,2.16,5.01,23.64,20.7709,6.24,2.54
2015-06-05 16:00:00,5.12,4.57,7.7319,7.58,13.55,4.64,2.16,5.01,23.75,20.5426,5.93,2.49
2015-06-08 16:00:00,4.81,4.54,7.524,7.24,12.81,4.56,2.16,5.01,23.4,20.5426,5.59,2.48
2015-06-09 16:00:00,4.74,4.47,7.6329,7.34,13.18,4.7,2.16,5.01,23.0,20.8602,5.65,2.48
2015-06-10 16:00:00,4.75,4.38,7.4745,7.51,12.9,4.7,2.16,5.01,23.0,20.6022,5.6,2.42
2015-06-11 16:00:00,5.33,4.67,8.0685,8.04,13.86,4.99,2.16,5.01,24.2,22.2793,6.1,2.57
2015-06-12 16:00:00,4.9,4.4,7.4646,7.27,13.08,4.69,2.16,5.01,23.39,21.535,5.85,2.4
2015-06-15 16:00:00,4.55,4.3,7.029,6.99,12.69,4.44,2.16,5.01,22.3,20.3441,5.61,2.28
2015-06-16 16:00:00,4.15,4.04,6.3855,6.75,11.6,4.19,2.16,5.01,21.0,19.8579,5.41,2.33
2015-06-17 16:00:00,3.71,3.88,6.435,6.85,10.92,3.59,2.16,5.01,20.4,19.7884,5.26,2.16
2015-06-18 16:00:00,3.61,3.79,7.0785,6.99,10.96,3.61,2.16,5.01,20.19,19.451,5.2,2.11
2015-06-19 16:00:00,3.75,4.05,7.425,7.04,12.0,3.8,2.16,5.01,19.3,19.4014,5.52,2.12
2015-06-22 16:00:00,4.4,4.67,7.6725,7.09,12.69,4.1,2.16,5.01,21.5,20.1953,5.89,2.45
2015-06-23 16:00:00,4.67,4.73,8.1576,7.65,12.93,4.36,2.16,5.01,25.0,20.2449,6.0,2.67
2015-06-24 16:00:00,4.4,4.59,7.92,7.58,13.0,4.38,2.16,5.01,25.0,20.77,5.75,2.65
2015-06-25 16:00:00,4.4,4.67,8.34,7.81,13.32,4.4,2.16,5.01,23.8,20.78,5.7,2.71
2015-06-26 16:00:00,4.64,4.68,8.2,7.64,13.19,4.66,2.16,5.01,24.2,21.4,5.79,2.78
2015-06-29 16:00:00,4.64,4.68,8.2,7.64,13.19,4.66,2.16,5.01,24.2,21.4,5.79,2.78
2015-06-30 16:00:00,4.64,4.68,8.2,7.64,13.19,4.66,2.16,5.01,24.2,21.4,5.79,2.78
2015-07-01 16:00:00,4.64,4.68,8.2,7.64,13.19,4.66,2.16,5.01,24.2,21.4,5.79,2.78
2015-07-02 16:00:00,4.64,4.68,8.2,7.64,13.19,4.66,2.16,5.01,24.2,21.4,5.79,2.78
2015-07-06 16:00:00,4.64,4.68,8.2,7.64,13.19,4.66,2.16,5.01,24.2,21.4,5.79,2.78
2015-07-07 16:00:00,4.64,4.68,8.2,7.64,13.19,4.66,2.16,5.01,24.2,21.4,5.79,2.78
2015-07-08 16:00:00,4.64,4.68,8.2,7.64,13.19,4.66,2.16,5.01,24.2,21.4,5.79,2.78
2015-07-09 16:00:00,4.64,4.68,8.2,7.64,13.19,4.66,2.16,5.01,24.2,21.4,5.79,2.78
2015-07-10 16:00:00,4.64,4.68,8.2,7.64,13.19,4.66,2.16,5.01,24.2,21.4,5.79,2.78
2015-07-13 16:00:00,4.64,4.68,8.2,7.64,13.19,4.66,2.16,5.01,24.2,21.4,5.79,2.78
2015-07-14 16:00:00,4.64,4.68,8.2,7.64,13.19,4.66,2.16,5.01,24.2,21.4,5.79,2.78
2015-07-15 16:00:00,4.64,4.68,8.2,7.64,13.19,4.66,2.16,5.01,24.2,21.4,5.79,2.78
2015-07-16 16:00:00,4.64,4.68,8.2,7.64,13.31,4.66,2.16,5.01,24.2,21.4,5.79,2.78
2015-07-17 16:00:00,4.64,4.68,8.2,7.64,13.31,4.66,2.16,5.01,24.2,21.4,5.79,2.78
2015-07-20 16:00:00,4.64,4.68,8.2,7.64,13.31,4.71,2.16,5.01,24.2,21.4,5.79,2.78
2015-07-21 16:00:00,4.64,4.68,8.2,7.64,13.31,4.71,2.16,5.01,24.2,21.4,5.79,2.78
2015-07-22 16:00:00,4.64,4.68,8.2,7.64,13.31,4.71,2.16,5.01,24.2,21.4,5.79,2.78
2015-07-23 16:00:00,4.64,4.68,8.2,7.64,13.31,4.71,2.16,5.01,24.2,21.4,5.79,2.78
2015-07-24 16:00:00,4.64,4.68,8.2,7.64,13.31,4.71,2.16,5.01,24.2,21.4,5.79,2.78
2015-07-27 16:00:00,4.64,4.68,8.2,7.64,13.31,4.71,2.16,5.01,24.2,21.4,5.79,2.78
2015-07-28 16:00:00,4.64,4.68,8.2,7.64,13.31,4.71,2.16,5.01,24.2,21.4,5.79,2.78
2015-07-29 16:00:00,4.64,4.68,8.2,7.64,13.31,4.71,2.16,5.01,24.2,21.4,5.79,2.78
2015-07-30 16:00:00,4.64,4.68,8.2,7.64,13.31,4.71,2.16,5.01,24.2,21.4,5.79,2.78
2015-07-31 16:00:00,4.64,4.68,8.2,7.64,13.31,4.71,2.16,5.01,24.2,21.4,5.79,2.78
2015-08-03 16:00:00,3.55,4.12,7.25,6.35,12.4,3.66,2.16,5.01,20.0,19.4,4.97,2.04
2015-08-04 16:00:00,3.88,4.38,7.25,6.61,13.0,3.84,2.16,5.01,22.24,21.0,5.22,2.19
2015-08-05 16:00:00,4.1,4.17,7.11,6.66,14.46,3.98,2.16,5.01,22.0,19.7,5.21,2.26
2015-08-06 16:00:00,4.35,4.35,7.77,7.04,14.84,4.24,2.16,5.01,21.0,19.82,5.35,2.41
2015-08-07 16:00:00,4.5,4.33,7.45,7.14,14.84,4.4,2.16,5.01,21.0,21.0,5.4,2.33
2015-08-10 16:00:00,4.78,4.39,7.66,7.69,15.0,4.65,2.16,5.01,20.8,21.44,5.45,2.43
2015-08-11 16:00:00,4.95,4.51,7.74,7.83,15.08,4.8,2.16,5.01,21.0,21.7,5.5,2.43
2015-08-12 16:00:00,5.0,4.5,7.57,7.43,14.88,4.69,2.16,5.01,21.37,21.5,5.35,2.42
2015-08-13 16:00:00,5.0,4.47,7.6,7.09,14.88,4.56,2.16,5.01,21.0,21.6,5.25,2.32
2015-08-14 16:00:00,4.83,4.29,7.7,7.26,15.0,4.49,2.16,5.01,20.3,20.75,5.15,2.27
2015-08-17 16:00:00,4.79,4.47,8.0,7.63,15.57,4.63,2.16,5.01,20.4,21.47,5.31,2.34
2015-08-18 16:00:00,4.75,4.6,8.15,7.58,15.48,4.54,2.16,5.01,20.21,21.49,5.13,2.31
2015-08-19 16:00:00,4.7,4.64,8.22,7.7,15.42,4.58,2.16,5.01,20.0,20.96,5.18,2.33
2015-08-20 16:00:00,4.5,4.3,8.25,7.36,14.99,4.45,2.16,5.01,19.4,21.69,4.81,2.24
2015-08-21 16:00:00,4.53,4.15,8.1,6.96,14.6,4.3,2.16,5.01,18.6,20.13,4.76,2.15
2015-08-24 16:00:00,4.1,3.71,6.7,6.31,13.7,3.53,2.16,5.01,15.5,17.6,4.41,1.95
2015-08-25 16:00:00,4.42,4.1,8.1,6.94,14.21,4.04,2.16,5.01,18.2,21.21,4.75,2.16
2015-08-26 16:00:00,4.3,4.1,8.13,6.78,13.97,4.2,2.16,5.01,18.05,20.25,4.8,2.12
2015-08-27 16:00:00,4.25,4.17,8.5,6.85,14.31,4.08,2.16,5.01,19.0,20.1,4.86,2.06
2015-08-28 16:00:00,4.38,4.3,8.39,7.0,14.68,4.19,2.16,5.01,19.0,19.75,4.76,2.12
2015-08-31 16:00:00,4.31,4.33,8.15,6.85,14.21,4.06,2.16,5.01,19.0,18.72,4.54,2.08
2015-09-01 16:00:00,4.3,4.36,8.0,6.83,14.34,4.2,2.16,5.01,19.4,19.37,4.42,2.06
2015-09-02 16:00:00,4.35,4.35,7.9,6.85,14.49,4.24,2.16,5.01,19.5,19.85,4.58,2.07
2015-09-03 16:00:00,4.56,4.63,7.99,7.09,14.89,4.68,2.16,5.01,19.94,20.15,4.69,2.26
2015-09-04 16:00:00,4.63,4.61,8.0,7.17,14.71,4.74,2.16,5.01,19.89,20.24,4.63,2.24
2015-09-08 16:00:00,4.95,4.97,8.1,7.67,15.35,5.05,2.16,5.01,19.0,20.1,4.85,2.33
2015-09-09 16:00:00,4.99,5.0,8.01,7.55,15.43,5.09,2.16,5.01,19.0,20.0,4.82,2.34
2015-09-10 16:00:00,4.84,5.09,7.99,7.63,15.47,5.2,2.16,5.01,19.0,19.71,4.85,2.42
2015-09-11 16:00:00,4.9,5.1,7.9,7.67,15.25,5.17,2.16,5.01,18.93,19.32,4.78,2.42
2015-09-14 16:00:00,5.03,5.17,7.94,7.75,15.1,5.2,2.16,5.01,19.0,20.18,4.8,2.36
2015-09-15 16:00:00,5.32,5.25,8.03,7.7,15.39,5.4,2.16,5.01,18.97,20.7,4.99,2.46
2015-09-16 16:00:00,5.28,5.6,7.85,7.98,15.8,5.31,2.16,5.01,18.78,20.01,5.12,2.48
2015-09-17 16:00:00,5.36,5.48,8.0,8.25,15.76,5.2,2.16,5.01,19.29,19.84,5.08,2.48
2015-09-18 16:00:00,5.61,5.35,8.04,8.41,15.47,5.16,2.16,5.01,19.0,19.84,5.11,2.47
2015-09-21 16:00:00,5.4,5.41,8.38,8.41,15.7,5.0,2.16,5.01,19.12,20.3,4.94,2.46
2015-09-22 16:00:00,5.55,5.19,8.25,8.2,15.01,4.87,2.16,5.01,18.6,20.0,4.83,2.41
2015-09-23 16:00:00,5.34,5.1,8.14,7.85,14.8,4.84,2.16,5.01,18.35,19.67,4.86,2.42
2015-09-24 16:00:00,5.3,5.19,8.0,7.81,14.8,4.95,2.16,5.01,18.45,19.78,4.9,2.4
2015-09-25 16:00:00,5.21,5.37,7.98,7.92,15.1,5.01,2.16,5.01,18.5,19.56,4.91,2.48
2015-09-28 16:00:00,5.02,5.33,7.8,7.98,14.8,4.73,2.16,5.01,18.45,19.34,4.7,2.33
2015-09-29 16:00:00,4.88,5.24,7.93,8.04,15.09,4.6,2.16,5.01,17.8,19.79,4.65,2.26
2015-09-30 16:00:00,4.95,5.35,7.8,8.08,15.09,4.67,2.16,5.01,18.2,20.2,4.65,2.26
2015-10-01 16:00:00,4.66,5.2,7.5,7.94,15.13,4.6,2.16,5.01,18.0,20.0,4.58,2.27
2015-10-02 16:00:00,4.56,5.13,7.57,7.99,14.8,4.54,2.16,5.01,17.98,20.18,4.51,2.26
2015-10-05 16:00:00,4.9,5.18,8.07,8.13,15.59,4.77,2.16,5.01,18.1,20.75,4.81,2.35
2015-10-06 16:00:00,4.98,5.25,8.29,8.36,15.05,4.75,2.16,5.01,18.0,20.62,4.8,2.35
2015-10-07 16:00:00,5.3,5.36,8.58,8.44,15.7,5.1,2.16,5.01,18.05,20.21,4.9,2.37
2015-10-08 16:00:00,5.1,5.33,8.64,8.31,16.06,4.99,2.16,5.01,18.0,20.0,4.92,2.38
2015-10-09 16:00:00,5.03,5.4,8.65,8.45,16.2,4.97,2.16,5.01,17.9,20.01,4.94,2.39
2015-10-12 16:00:00,5.1,5.28,8.7,8.61,16.24,5.11,2.16,5.01,18.27,20.6,4.95,2.36
2015-10-13 16:00:00,5.0,5.29,8.7,8.38,16.3,5.05,2.16,5.01,18.25,20.9,4.83,2.33
2015-10-14 16:00:00,4.97,5.19,8.65,8.19,16.16,5.0,2.16,5.01,17.92,21.28,4.76,2.26
2015-10-15 16:00:00,5.18,5.42,8.85,8.43,16.29,5.17,2.16,5.01,18.02,21.3,4.93,2.35
2015-10-16 16:00:00,5.16,5.38,8.75,8.2,16.21,5.07,2.16,5.01,17.5,20.31,4.89,2.3
2015-10-19 16:00:00,5.12,5.3,8.69,8.27,15.94,5.07,2.16,5.01,17.2,20.48,4.87,2.32
2015-10-20 16:00:00,5.22,5.46,8.55,8.25,16.14,5.15,2.16,5.01,17.0,20.8,4.84,2.36
2015-10-21 16:00:00,5.17,5.39,8.56,8.25,16.2,5.35,2.16,5.01,17.27,20.79,4.87,2.35
2015-10-22 16:00:00,5.2,5.52,8.73,8.11,16.3,5.42,2.16,5.01,17.97,20.31,5.07,2.4
2015-10-23 16:00:00,5.22,5.45,9.04,8.3,16.48,5.37,2.16,5.01,18.03,20.47,5.04,2.36
2015-10-26 16:00:00,5.26,5.5,9.18,8.61,16.25,5.37,2.16,5.01,18.6,21.1,4.97,2.36
2015-10-27 16:00:00,5.45,5.57,9.04,8.6,16.54,5.48,2.16,5.01,19.01,21.74,4.96,2.36
2015-10-28 16:00:00,5.45,5.57,9.04,8.6,16.54,5.48,2.16,5.01,19.01,21.74,4.96,2.36
2015-10-29 16:00:00,5.43,5.42,8.85,8.38,16.24,5.35,2.16,5.01,18.85,20.8,4.94,2.32
2015-10-30 16:00:00,5.19,5.3,8.47,8.05,16.0,5.24,2.16,5.01,18.31,19.95,4.85,2.29
2015-11-02 16:00:00,5.43,5.52,8.82,8.13,16.3,5.25,2.16,5.01,18.25,20.22,4.86,2.3
