,VIO.AT
2004-09-01 16:00:00,0.0
2004-09-02 16:00:00,0.0
2004-09-03 16:00:00,0.0
2004-09-07 16:00:00,0.0
2004-09-08 16:00:00,0.0
2004-09-09 16:00:00,0.0
2004-09-10 16:00:00,0.0
2004-09-13 16:00:00,0.0
2004-09-14 16:00:00,0.0
2004-09-15 16:00:00,0.0
2004-09-16 16:00:00,0.0
2004-09-17 16:00:00,0.0
2004-09-20 16:00:00,0.0
2004-09-21 16:00:00,0.0
2004-09-22 16:00:00,0.0
2004-09-23 16:00:00,0.0
2004-09-24 16:00:00,0.0
2004-09-27 16:00:00,0.0
2004-09-28 16:00:00,0.0
2004-09-29 16:00:00,0.0
2004-09-30 16:00:00,0.0
2004-10-01 16:00:00,0.0
2004-10-04 16:00:00,0.0
2004-10-05 16:00:00,0.0
2004-10-06 16:00:00,0.0
2004-10-07 16:00:00,0.0
2004-10-08 16:00:00,0.0
2004-10-11 16:00:00,0.0
2004-10-12 16:00:00,0.0
2004-10-13 16:00:00,0.0
2004-10-14 16:00:00,0.0
2004-10-15 16:00:00,0.0
2004-10-18 16:00:00,0.0
2004-10-19 16:00:00,0.0
2004-10-20 16:00:00,0.0
2004-10-21 16:00:00,0.0
2004-10-22 16:00:00,0.0
2004-10-25 16:00:00,0.0
2004-10-26 16:00:00,0.0
2004-10-27 16:00:00,0.0
2004-10-28 16:00:00,0.0
2004-10-29 16:00:00,0.0
2004-11-01 16:00:00,0.0
2004-11-02 16:00:00,0.0
2004-11-03 16:00:00,0.0
2004-11-04 16:00:00,0.0
2004-11-05 16:00:00,0.0
2004-11-08 16:00:00,0.0
2004-11-09 16:00:00,0.0
2004-11-10 16:00:00,0.0
2004-11-11 16:00:00,0.0
2004-11-12 16:00:00,0.0
2004-11-15 16:00:00,0.0
2004-11-16 16:00:00,0.0
2004-11-17 16:00:00,0.0
2004-11-18 16:00:00,0.0
2004-11-19 16:00:00,0.0
2004-11-22 16:00:00,0.0
2004-11-23 16:00:00,0.0
2004-11-24 16:00:00,0.0
2004-11-26 16:00:00,0.0
2004-11-29 16:00:00,0.0
2004-11-30 16:00:00,0.0
2004-12-01 16:00:00,0.0
2004-12-02 16:00:00,0.0
2004-12-03 16:00:00,0.0
2004-12-06 16:00:00,0.0
2004-12-07 16:00:00,0.0
2004-12-08 16:00:00,0.0
2004-12-09 16:00:00,0.0
2004-12-10 16:00:00,0.0
2004-12-13 16:00:00,0.0
2004-12-14 16:00:00,0.0
2004-12-15 16:00:00,0.0
2004-12-16 16:00:00,0.0
2004-12-17 16:00:00,0.0
2004-12-20 16:00:00,0.0
2004-12-21 16:00:00,0.0
2004-12-22 16:00:00,0.0
2004-12-23 16:00:00,0.0
2004-12-27 16:00:00,0.0
2004-12-28 16:00:00,0.0
2004-12-29 16:00:00,0.0
2004-12-30 16:00:00,0.0
2004-12-31 16:00:00,0.0
2005-01-03 16:00:00,0.0
2005-01-04 16:00:00,0.0
2005-01-05 16:00:00,0.0
2005-01-06 16:00:00,0.0
2005-01-07 16:00:00,0.0
2005-01-10 16:00:00,0.0
2005-01-11 16:00:00,0.0
2005-01-12 16:00:00,0.0
2005-01-13 16:00:00,0.0
2005-01-14 16:00:00,0.0
2005-01-18 16:00:00,0.0
2005-01-19 16:00:00,0.0
2005-01-20 16:00:00,0.0
2005-01-21 16:00:00,0.0
2005-01-24 16:00:00,0.0
2005-01-25 16:00:00,0.0
2005-01-26 16:00:00,0.0
2005-01-27 16:00:00,0.0
2005-01-28 16:00:00,0.0
2005-01-31 16:00:00,0.0
2005-02-01 16:00:00,0.0
2005-02-02 16:00:00,0.0
2005-02-03 16:00:00,0.0
2005-02-04 16:00:00,0.0
2005-02-07 16:00:00,0.0
2005-02-08 16:00:00,0.0
2005-02-09 16:00:00,0.0
2005-02-10 16:00:00,0.0
2005-02-11 16:00:00,0.0
2005-02-14 16:00:00,0.0
2005-02-15 16:00:00,0.0
2005-02-16 16:00:00,0.0
2005-02-17 16:00:00,0.0
2005-02-18 16:00:00,0.0
2005-02-22 16:00:00,0.0
2005-02-23 16:00:00,0.0
2005-02-24 16:00:00,0.0
2005-02-25 16:00:00,0.0
2005-02-28 16:00:00,0.0
2005-03-01 16:00:00,0.0
2005-03-02 16:00:00,0.0
2005-03-03 16:00:00,0.0
2005-03-04 16:00:00,0.0
2005-03-07 16:00:00,0.0
2005-03-08 16:00:00,0.0
2005-03-09 16:00:00,0.0
2005-03-10 16:00:00,0.0
2005-03-11 16:00:00,0.0
2005-03-14 16:00:00,0.0
2005-03-15 16:00:00,0.0
2005-03-16 16:00:00,0.0
2005-03-17 16:00:00,0.0
2005-03-18 16:00:00,0.0
2005-03-21 16:00:00,0.0
2005-03-22 16:00:00,0.0
2005-03-23 16:00:00,0.0
2005-03-24 16:00:00,0.0
2005-03-28 16:00:00,0.0
2005-03-29 16:00:00,0.0
2005-03-30 16:00:00,0.0
2005-03-31 16:00:00,0.0
2005-04-01 16:00:00,0.0
2005-04-04 16:00:00,0.0
2005-04-05 16:00:00,0.0
2005-04-06 16:00:00,0.0
2005-04-07 16:00:00,0.0
2005-04-08 16:00:00,0.0
2005-04-11 16:00:00,0.0
2005-04-12 16:00:00,0.0
2005-04-13 16:00:00,0.0
2005-04-14 16:00:00,0.0
2005-04-15 16:00:00,0.0
2005-04-18 16:00:00,0.0
2005-04-19 16:00:00,0.0
2005-04-20 16:00:00,0.0
2005-04-21 16:00:00,0.0
2005-04-22 16:00:00,0.0
2005-04-25 16:00:00,0.0
2005-04-26 16:00:00,0.0
2005-04-27 16:00:00,0.0
2005-04-28 16:00:00,0.0
2005-04-29 16:00:00,0.0
2005-05-02 16:00:00,0.0
2005-05-03 16:00:00,0.0
2005-05-04 16:00:00,0.0
2005-05-05 16:00:00,0.0
2005-05-06 16:00:00,0.0
2005-05-09 16:00:00,0.0
2005-05-10 16:00:00,0.0
2005-05-11 16:00:00,0.0
2005-05-12 16:00:00,0.0
2005-05-13 16:00:00,0.0
2005-05-16 16:00:00,0.0
2005-05-17 16:00:00,0.0
2005-05-18 16:00:00,0.0
2005-05-19 16:00:00,0.0
2005-05-20 16:00:00,0.0
2005-05-23 16:00:00,0.0
2005-05-24 16:00:00,0.0
2005-05-25 16:00:00,0.0
2005-05-26 16:00:00,0.0
2005-05-27 16:00:00,0.0
2005-05-31 16:00:00,0.0
2005-06-01 16:00:00,0.0
2005-06-02 16:00:00,0.0
2005-06-03 16:00:00,0.0
2005-06-06 16:00:00,0.0
2005-06-07 16:00:00,0.0
2005-06-08 16:00:00,0.0
2005-06-09 16:00:00,0.0
2005-06-10 16:00:00,0.0
2005-06-13 16:00:00,0.0
2005-06-14 16:00:00,0.0
2005-06-15 16:00:00,0.0
2005-06-16 16:00:00,0.0
2005-06-17 16:00:00,0.0
2005-06-20 16:00:00,0.0
2005-06-21 16:00:00,0.0
2005-06-22 16:00:00,0.0
2005-06-23 16:00:00,0.0
2005-06-24 16:00:00,0.0
2005-06-27 16:00:00,0.0
2005-06-28 16:00:00,0.0
2005-06-29 16:00:00,0.0
2005-06-30 16:00:00,0.0
2005-07-01 16:00:00,0.0
2005-07-05 16:00:00,0.0
2005-07-06 16:00:00,0.0
2005-07-07 16:00:00,0.0
2005-07-08 16:00:00,0.0
2005-07-11 16:00:00,0.0
2005-07-12 16:00:00,0.0
2005-07-13 16:00:00,0.0
2005-07-14 16:00:00,0.0
2005-07-15 16:00:00,0.0
2005-07-18 16:00:00,0.0
2005-07-19 16:00:00,0.0
2005-07-20 16:00:00,0.0
2005-07-21 16:00:00,0.0
2005-07-22 16:00:00,0.0
2005-07-25 16:00:00,0.0
2005-07-26 16:00:00,0.0
2005-07-27 16:00:00,0.0
2005-07-28 16:00:00,0.0
2005-07-29 16:00:00,0.0
2005-08-01 16:00:00,0.0
2005-08-02 16:00:00,0.0
2005-08-03 16:00:00,0.0
2005-08-04 16:00:00,0.0
2005-08-05 16:00:00,0.0
2005-08-08 16:00:00,0.0
2005-08-09 16:00:00,0.0
2005-08-10 16:00:00,0.0
2005-08-11 16:00:00,0.0
2005-08-12 16:00:00,0.0
2005-08-15 16:00:00,0.0
2005-08-16 16:00:00,0.0
2005-08-17 16:00:00,0.0
2005-08-18 16:00:00,0.0
2005-08-19 16:00:00,0.0
2005-08-22 16:00:00,0.0
2005-08-23 16:00:00,0.0
2005-08-24 16:00:00,0.0
2005-08-25 16:00:00,0.0
2005-08-26 16:00:00,0.0
2005-08-29 16:00:00,0.0
2005-08-30 16:00:00,0.0
2005-08-31 16:00:00,0.0
2005-09-01 16:00:00,0.0
2005-09-02 16:00:00,0.0
2005-09-06 16:00:00,0.0
2005-09-07 16:00:00,0.0
2005-09-08 16:00:00,0.0
2005-09-09 16:00:00,0.0
2005-09-12 16:00:00,0.0
2005-09-13 16:00:00,0.0
2005-09-14 16:00:00,0.0
2005-09-15 16:00:00,0.0
2005-09-16 16:00:00,0.0
2005-09-19 16:00:00,0.0
2005-09-20 16:00:00,0.0
2005-09-21 16:00:00,0.0
2005-09-22 16:00:00,0.0
2005-09-23 16:00:00,0.0
2005-09-26 16:00:00,0.0
2005-09-27 16:00:00,0.0
2005-09-28 16:00:00,0.0
2005-09-29 16:00:00,0.0
2005-09-30 16:00:00,0.0
2005-10-03 16:00:00,0.0
2005-10-04 16:00:00,0.0
2005-10-05 16:00:00,0.0
2005-10-06 16:00:00,0.0
2005-10-07 16:00:00,0.0
2005-10-10 16:00:00,0.0
2005-10-11 16:00:00,0.0
2005-10-12 16:00:00,0.0
2005-10-13 16:00:00,0.0
2005-10-14 16:00:00,0.0
2005-10-17 16:00:00,0.0
2005-10-18 16:00:00,0.0
2005-10-19 16:00:00,0.0
2005-10-20 16:00:00,0.0
2005-10-21 16:00:00,0.0
2005-10-24 16:00:00,0.0
2005-10-25 16:00:00,0.0
2005-10-26 16:00:00,0.0
2005-10-27 16:00:00,0.0
2005-10-28 16:00:00,0.0
2005-10-31 16:00:00,0.0
2005-11-01 16:00:00,0.0
2005-11-02 16:00:00,0.0
2005-11-03 16:00:00,0.0
2005-11-04 16:00:00,0.0
2005-11-07 16:00:00,0.0
2005-11-08 16:00:00,0.0
2005-11-09 16:00:00,0.0
2005-11-10 16:00:00,0.0
2005-11-11 16:00:00,0.0
2005-11-14 16:00:00,0.0
2005-11-15 16:00:00,0.0
2005-11-16 16:00:00,0.0
2005-11-17 16:00:00,0.0
2005-11-18 16:00:00,0.0
2005-11-21 16:00:00,0.0
2005-11-22 16:00:00,0.0
2005-11-23 16:00:00,0.0
2005-11-25 16:00:00,0.0
2005-11-28 16:00:00,0.0
2005-11-29 16:00:00,0.0
2005-11-30 16:00:00,0.0
2005-12-01 16:00:00,0.0
2005-12-02 16:00:00,0.0
2005-12-05 16:00:00,0.0
2005-12-06 16:00:00,0.0
2005-12-07 16:00:00,0.0
2005-12-08 16:00:00,0.0
2005-12-09 16:00:00,0.0
2005-12-12 16:00:00,0.0
2005-12-13 16:00:00,0.0
2005-12-14 16:00:00,0.0
2005-12-15 16:00:00,0.0
2005-12-16 16:00:00,0.0
2005-12-19 16:00:00,0.0
2005-12-20 16:00:00,0.0
2005-12-21 16:00:00,0.0
2005-12-22 16:00:00,0.0
2005-12-23 16:00:00,0.0
2005-12-27 16:00:00,0.0
2005-12-28 16:00:00,0.0
2005-12-29 16:00:00,0.0
2005-12-30 16:00:00,0.0
2006-01-03 16:00:00,0.0
2006-01-04 16:00:00,0.0
2006-01-05 16:00:00,0.0
2006-01-06 16:00:00,0.0
2006-01-09 16:00:00,0.0
2006-01-10 16:00:00,0.0
2006-01-11 16:00:00,0.0
2006-01-12 16:00:00,0.0
2006-01-13 16:00:00,0.0
2006-01-17 16:00:00,0.0
2006-01-18 16:00:00,0.0
2006-01-19 16:00:00,0.0
2006-01-20 16:00:00,0.0
2006-01-23 16:00:00,0.0
2006-01-24 16:00:00,0.0
2006-01-25 16:00:00,0.0
2006-01-26 16:00:00,0.0
2006-01-27 16:00:00,0.0
2006-01-30 16:00:00,0.0
2006-01-31 16:00:00,0.0
2006-02-01 16:00:00,0.0
2006-02-02 16:00:00,0.0
2006-02-03 16:00:00,0.0
2006-02-06 16:00:00,0.0
2006-02-07 16:00:00,0.0
2006-02-08 16:00:00,0.0
2006-02-09 16:00:00,0.0
2006-02-10 16:00:00,0.0
2006-02-13 16:00:00,0.0
2006-02-14 16:00:00,0.0
2006-02-15 16:00:00,0.0
2006-02-16 16:00:00,0.0
2006-02-17 16:00:00,0.0
2006-02-21 16:00:00,0.0
2006-02-22 16:00:00,0.0
2006-02-23 16:00:00,0.0
2006-02-24 16:00:00,0.0
2006-02-27 16:00:00,0.0
2006-02-28 16:00:00,0.0
2006-03-01 16:00:00,0.0
2006-03-02 16:00:00,0.0
2006-03-03 16:00:00,0.0
2006-03-06 16:00:00,0.0
2006-03-07 16:00:00,0.0
2006-03-08 16:00:00,0.0
2006-03-09 16:00:00,0.0
2006-03-10 16:00:00,0.0
2006-03-13 16:00:00,0.0
2006-03-14 16:00:00,0.0
2006-03-15 16:00:00,0.0
2006-03-16 16:00:00,0.0
2006-03-17 16:00:00,0.0
2006-03-20 16:00:00,0.0
2006-03-21 16:00:00,0.0
2006-03-22 16:00:00,0.0
2006-03-23 16:00:00,0.0
2006-03-24 16:00:00,0.0
2006-03-27 16:00:00,0.0
2006-03-28 16:00:00,0.0
2006-03-29 16:00:00,0.0
2006-03-30 16:00:00,0.0
2006-03-31 16:00:00,0.0
2006-04-03 16:00:00,0.0
2006-04-04 16:00:00,0.0
2006-04-05 16:00:00,0.0
2006-04-06 16:00:00,0.0
2006-04-07 16:00:00,0.0
2006-04-10 16:00:00,0.0
2006-04-11 16:00:00,0.0
2006-04-12 16:00:00,0.0
2006-04-13 16:00:00,0.0
2006-04-17 16:00:00,0.0
2006-04-18 16:00:00,0.0
2006-04-19 16:00:00,0.0
2006-04-20 16:00:00,0.0
2006-04-21 16:00:00,0.0
2006-04-24 16:00:00,0.0
2006-04-25 16:00:00,0.0
2006-04-26 16:00:00,0.0
2006-04-27 16:00:00,0.0
2006-04-28 16:00:00,0.0
2006-05-01 16:00:00,0.0
2006-05-02 16:00:00,0.0
2006-05-03 16:00:00,0.0
2006-05-04 16:00:00,0.0
2006-05-05 16:00:00,0.0
2006-05-08 16:00:00,0.0
2006-05-09 16:00:00,0.0
2006-05-10 16:00:00,0.0
2006-05-11 16:00:00,0.0
2006-05-12 16:00:00,0.0
2006-05-15 16:00:00,0.0
2006-05-16 16:00:00,0.0
2006-05-17 16:00:00,0.0
2006-05-18 16:00:00,0.0
2006-05-19 16:00:00,0.0
2006-05-22 16:00:00,0.0
2006-05-23 16:00:00,0.0
2006-05-24 16:00:00,0.0
2006-05-25 16:00:00,0.0
2006-05-26 16:00:00,0.0
2006-05-30 16:00:00,0.0
2006-05-31 16:00:00,0.0
2006-06-01 16:00:00,0.0
2006-06-02 16:00:00,0.0
2006-06-05 16:00:00,0.0
2006-06-06 16:00:00,0.0
2006-06-07 16:00:00,0.0
2006-06-08 16:00:00,0.0
2006-06-09 16:00:00,0.0
2006-06-12 16:00:00,0.0
2006-06-13 16:00:00,0.0
2006-06-14 16:00:00,0.0
2006-06-15 16:00:00,0.0
2006-06-16 16:00:00,0.0
2006-06-19 16:00:00,0.0
2006-06-20 16:00:00,0.0
2006-06-21 16:00:00,0.0
2006-06-22 16:00:00,0.0
2006-06-23 16:00:00,0.0
2006-06-26 16:00:00,0.0
2006-06-27 16:00:00,0.0
2006-06-28 16:00:00,0.0
2006-06-29 16:00:00,0.0
2006-06-30 16:00:00,0.0
2006-07-03 16:00:00,0.0
2006-07-05 16:00:00,0.0
2006-07-06 16:00:00,0.0
2006-07-07 16:00:00,0.0
2006-07-10 16:00:00,0.0
2006-07-11 16:00:00,0.0
2006-07-12 16:00:00,0.0
2006-07-13 16:00:00,0.0
2006-07-14 16:00:00,0.0
2006-07-17 16:00:00,0.0
2006-07-18 16:00:00,0.0
2006-07-19 16:00:00,0.0
2006-07-20 16:00:00,0.0
2006-07-21 16:00:00,0.0
2006-07-24 16:00:00,0.0
2006-07-25 16:00:00,0.0
2006-07-26 16:00:00,0.0
2006-07-27 16:00:00,0.0
2006-07-28 16:00:00,0.0
2006-07-31 16:00:00,0.0
2006-08-01 16:00:00,0.0
2006-08-02 16:00:00,0.0
2006-08-03 16:00:00,0.0
2006-08-04 16:00:00,0.0
2006-08-07 16:00:00,0.0
2006-08-08 16:00:00,0.0
2006-08-09 16:00:00,0.0
2006-08-10 16:00:00,0.0
2006-08-11 16:00:00,0.0
2006-08-14 16:00:00,0.0
2006-08-15 16:00:00,0.0
2006-08-16 16:00:00,0.0
2006-08-17 16:00:00,0.0
2006-08-18 16:00:00,0.0
2006-08-21 16:00:00,0.0
2006-08-22 16:00:00,0.0
2006-08-23 16:00:00,0.0
2006-08-24 16:00:00,0.0
2006-08-25 16:00:00,0.0
2006-08-28 16:00:00,0.0
2006-08-29 16:00:00,0.0
2006-08-30 16:00:00,0.0
2006-08-31 16:00:00,0.0
2006-09-01 16:00:00,0.0
2006-09-05 16:00:00,0.0
2006-09-06 16:00:00,0.0
2006-09-07 16:00:00,0.0
2006-09-08 16:00:00,0.0
2006-09-11 16:00:00,0.0
2006-09-12 16:00:00,0.0
2006-09-13 16:00:00,0.0
2006-09-14 16:00:00,0.0
2006-09-15 16:00:00,0.0
2006-09-18 16:00:00,0.0
2006-09-19 16:00:00,0.0
2006-09-20 16:00:00,0.0
2006-09-21 16:00:00,0.0
2006-09-22 16:00:00,0.0
2006-09-25 16:00:00,0.0
2006-09-26 16:00:00,0.0
2006-09-27 16:00:00,0.0
2006-09-28 16:00:00,0.0
2006-09-29 16:00:00,0.0
2006-10-02 16:00:00,0.0
2006-10-03 16:00:00,0.0
2006-10-04 16:00:00,0.0
2006-10-05 16:00:00,0.0
2006-10-06 16:00:00,0.0
2006-10-09 16:00:00,0.0
2006-10-10 16:00:00,0.0
2006-10-11 16:00:00,0.0
2006-10-12 16:00:00,0.0
2006-10-13 16:00:00,0.0
2006-10-16 16:00:00,0.0
2006-10-17 16:00:00,0.0
2006-10-18 16:00:00,0.0
2006-10-19 16:00:00,0.0
2006-10-20 16:00:00,0.0
2006-10-23 16:00:00,0.0
2006-10-24 16:00:00,0.0
2006-10-25 16:00:00,0.0
2006-10-26 16:00:00,0.0
2006-10-27 16:00:00,0.0
2006-10-30 16:00:00,0.0
2006-10-31 16:00:00,0.0
2006-11-01 16:00:00,0.0
2006-11-02 16:00:00,0.0
2006-11-03 16:00:00,0.0
2006-11-06 16:00:00,0.0
2006-11-07 16:00:00,0.0
2006-11-08 16:00:00,0.0
2006-11-09 16:00:00,0.0
2006-11-10 16:00:00,0.0
2006-11-13 16:00:00,0.0
2006-11-14 16:00:00,0.0
2006-11-15 16:00:00,0.0
2006-11-16 16:00:00,0.0
2006-11-17 16:00:00,0.0
2006-11-20 16:00:00,0.0
2006-11-21 16:00:00,0.0
2006-11-22 16:00:00,0.0
2006-11-24 16:00:00,0.0
2006-11-27 16:00:00,0.0
2006-11-28 16:00:00,0.0
2006-11-29 16:00:00,0.0
2006-11-30 16:00:00,0.0
2006-12-01 16:00:00,0.0
2006-12-04 16:00:00,0.0
2006-12-05 16:00:00,0.0
2006-12-06 16:00:00,0.0
2006-12-07 16:00:00,0.0
2006-12-08 16:00:00,0.0
2006-12-11 16:00:00,0.0
2006-12-12 16:00:00,0.0
2006-12-13 16:00:00,0.0
2006-12-14 16:00:00,0.0
2006-12-15 16:00:00,0.0
2006-12-18 16:00:00,0.0
2006-12-19 16:00:00,0.0
2006-12-20 16:00:00,0.0
2006-12-21 16:00:00,0.0
2006-12-22 16:00:00,0.0
2006-12-26 16:00:00,0.0
2006-12-27 16:00:00,0.0
2006-12-28 16:00:00,0.0
2006-12-29 16:00:00,0.0
2007-01-03 16:00:00,0.0
2007-01-04 16:00:00,0.0
2007-01-05 16:00:00,0.0
2007-01-08 16:00:00,0.0
2007-01-09 16:00:00,0.0
2007-01-10 16:00:00,0.0
2007-01-11 16:00:00,0.0
2007-01-12 16:00:00,0.0
2007-01-16 16:00:00,0.0
2007-01-17 16:00:00,0.0
2007-01-18 16:00:00,0.0
2007-01-19 16:00:00,0.0
2007-01-22 16:00:00,0.0
2007-01-23 16:00:00,0.0
2007-01-24 16:00:00,0.0
2007-01-25 16:00:00,0.0
2007-01-26 16:00:00,0.0
2007-01-29 16:00:00,0.0
2007-01-30 16:00:00,0.0
2007-01-31 16:00:00,0.0
2007-02-01 16:00:00,0.0
2007-02-02 16:00:00,0.0
2007-02-05 16:00:00,0.0
2007-02-06 16:00:00,0.0
2007-02-07 16:00:00,0.0
2007-02-08 16:00:00,0.0
2007-02-09 16:00:00,0.0
2007-02-12 16:00:00,0.0
2007-02-13 16:00:00,0.0
2007-02-14 16:00:00,0.0
2007-02-15 16:00:00,0.0
2007-02-16 16:00:00,0.0
2007-02-20 16:00:00,0.0
2007-02-21 16:00:00,0.0
2007-02-22 16:00:00,0.0
2007-02-23 16:00:00,0.0
2007-02-26 16:00:00,0.0
2007-02-27 16:00:00,0.0
2007-02-28 16:00:00,0.0
2007-03-01 16:00:00,0.0
2007-03-02 16:00:00,0.0
2007-03-05 16:00:00,0.0
2007-03-06 16:00:00,0.0
2007-03-07 16:00:00,0.0
2007-03-08 16:00:00,0.0
2007-03-09 16:00:00,0.0
2007-03-12 16:00:00,0.0
2007-03-13 16:00:00,0.0
2007-03-14 16:00:00,0.0
2007-03-15 16:00:00,0.0
2007-03-16 16:00:00,0.0
2007-03-19 16:00:00,0.0
2007-03-20 16:00:00,0.0
2007-03-21 16:00:00,0.0
2007-03-22 16:00:00,0.0
2007-03-23 16:00:00,0.0
2007-03-26 16:00:00,0.0
2007-03-27 16:00:00,0.0
2007-03-28 16:00:00,0.0
2007-03-29 16:00:00,0.0
2007-03-30 16:00:00,0.0
2007-04-02 16:00:00,0.0
2007-04-03 16:00:00,0.0
2007-04-04 16:00:00,0.0
2007-04-05 16:00:00,0.0
2007-04-09 16:00:00,0.0
2007-04-10 16:00:00,0.0
2007-04-11 16:00:00,0.0
2007-04-12 16:00:00,0.0
2007-04-13 16:00:00,0.0
2007-04-16 16:00:00,0.0
2007-04-17 16:00:00,0.0
2007-04-18 16:00:00,0.0
2007-04-19 16:00:00,0.0
2007-04-20 16:00:00,0.0
2007-04-23 16:00:00,0.0
2007-04-24 16:00:00,0.0
2007-04-25 16:00:00,0.0
2007-04-26 16:00:00,0.0
2007-04-27 16:00:00,0.0
2007-04-30 16:00:00,0.0
2007-05-01 16:00:00,0.0
2007-05-02 16:00:00,0.0
2007-05-03 16:00:00,0.0
2007-05-04 16:00:00,0.0
2007-05-07 16:00:00,0.0
2007-05-08 16:00:00,0.0
2007-05-09 16:00:00,0.0
2007-05-10 16:00:00,0.0
2007-05-11 16:00:00,0.0
2007-05-14 16:00:00,0.0
2007-05-15 16:00:00,0.0
2007-05-16 16:00:00,0.0
2007-05-17 16:00:00,0.0
2007-05-18 16:00:00,0.0
2007-05-21 16:00:00,0.0
2007-05-22 16:00:00,0.0
2007-05-23 16:00:00,0.0
2007-05-24 16:00:00,0.0
2007-05-25 16:00:00,0.0
2007-05-29 16:00:00,0.0
2007-05-30 16:00:00,0.0
2007-05-31 16:00:00,0.0
2007-06-01 16:00:00,0.0
2007-06-04 16:00:00,0.0
2007-06-05 16:00:00,0.0
2007-06-06 16:00:00,0.0
2007-06-07 16:00:00,0.0
2007-06-08 16:00:00,0.0
2007-06-11 16:00:00,0.0
2007-06-12 16:00:00,0.0
2007-06-13 16:00:00,0.0
2007-06-14 16:00:00,0.0
2007-06-15 16:00:00,0.0
2007-06-18 16:00:00,0.0
2007-06-19 16:00:00,0.0
2007-06-20 16:00:00,0.0
2007-06-21 16:00:00,0.0
2007-06-22 16:00:00,0.0
2007-06-25 16:00:00,0.0
2007-06-26 16:00:00,0.0
2007-06-27 16:00:00,0.0
2007-06-28 16:00:00,0.0
2007-06-29 16:00:00,0.0
2007-07-02 16:00:00,0.0
2007-07-03 16:00:00,0.0
2007-07-05 16:00:00,0.0
2007-07-06 16:00:00,0.0
2007-07-09 16:00:00,0.0
2007-07-10 16:00:00,0.0
2007-07-11 16:00:00,0.0
2007-07-12 16:00:00,0.0
2007-07-13 16:00:00,0.0
2007-07-16 16:00:00,0.0
2007-07-17 16:00:00,0.0
2007-07-18 16:00:00,0.0
2007-07-19 16:00:00,0.0
2007-07-20 16:00:00,0.0
2007-07-23 16:00:00,0.0
2007-07-24 16:00:00,0.0
2007-07-25 16:00:00,0.0
2007-07-26 16:00:00,0.0
2007-07-27 16:00:00,0.0
2007-07-30 16:00:00,0.0
2007-07-31 16:00:00,0.0
2007-08-01 16:00:00,0.0
2007-08-02 16:00:00,0.0
2007-08-03 16:00:00,0.0
2007-08-06 16:00:00,0.0
2007-08-07 16:00:00,0.0
2007-08-08 16:00:00,0.0
2007-08-09 16:00:00,0.0
2007-08-10 16:00:00,0.0
2007-08-13 16:00:00,0.0
2007-08-14 16:00:00,0.0
2007-08-15 16:00:00,0.0
2007-08-16 16:00:00,0.0
2007-08-17 16:00:00,0.0
2007-08-20 16:00:00,0.0
2007-08-21 16:00:00,0.0
2007-08-22 16:00:00,0.0
2007-08-23 16:00:00,0.0
2007-08-24 16:00:00,0.0
2007-08-27 16:00:00,0.0
2007-08-28 16:00:00,0.0
2007-08-29 16:00:00,0.0
2007-08-30 16:00:00,0.0
2007-08-31 16:00:00,0.0
2007-09-04 16:00:00,0.0
2007-09-05 16:00:00,0.0
2007-09-06 16:00:00,0.0
2007-09-07 16:00:00,0.0
2007-09-10 16:00:00,0.0
2007-09-11 16:00:00,0.0
2007-09-12 16:00:00,0.0
2007-09-13 16:00:00,0.0
2007-09-14 16:00:00,0.0
2007-09-17 16:00:00,0.0
2007-09-18 16:00:00,0.0
2007-09-19 16:00:00,0.0
2007-09-20 16:00:00,0.0
2007-09-21 16:00:00,0.0
2007-09-24 16:00:00,0.0
2007-09-25 16:00:00,0.0
2007-09-26 16:00:00,0.0
2007-09-27 16:00:00,0.0
2007-09-28 16:00:00,0.0
2007-10-01 16:00:00,0.0
2007-10-02 16:00:00,0.0
2007-10-03 16:00:00,0.0
2007-10-04 16:00:00,0.0
2007-10-05 16:00:00,0.0
2007-10-08 16:00:00,0.0
2007-10-09 16:00:00,0.0
2007-10-10 16:00:00,0.0
2007-10-11 16:00:00,0.0
2007-10-12 16:00:00,0.0
2007-10-15 16:00:00,0.0
2007-10-16 16:00:00,0.0
2007-10-17 16:00:00,0.0
2007-10-18 16:00:00,0.0
2007-10-19 16:00:00,0.0
2007-10-22 16:00:00,0.0
2007-10-23 16:00:00,0.0
2007-10-24 16:00:00,0.0
2007-10-25 16:00:00,0.0
2007-10-26 16:00:00,0.0
2007-10-29 16:00:00,0.0
2007-10-30 16:00:00,0.0
2007-10-31 16:00:00,0.0
2007-11-01 16:00:00,0.0
2007-11-02 16:00:00,0.0
2007-11-05 16:00:00,0.0
2007-11-06 16:00:00,0.0
2007-11-07 16:00:00,0.0
2007-11-08 16:00:00,0.0
2007-11-09 16:00:00,0.0
2007-11-12 16:00:00,0.0
2007-11-13 16:00:00,0.0
2007-11-14 16:00:00,0.0
2007-11-15 16:00:00,0.0
2007-11-16 16:00:00,0.0
2007-11-19 16:00:00,0.0
2007-11-20 16:00:00,0.0
2007-11-21 16:00:00,0.0
2007-11-23 16:00:00,0.0
2007-11-26 16:00:00,0.0
2007-11-27 16:00:00,0.0
2007-11-28 16:00:00,0.0
2007-11-29 16:00:00,0.0
2007-11-30 16:00:00,0.0
2007-12-03 16:00:00,0.0
2007-12-04 16:00:00,0.0
2007-12-05 16:00:00,0.0
2007-12-06 16:00:00,0.0
2007-12-07 16:00:00,0.0
2007-12-10 16:00:00,0.0
2007-12-11 16:00:00,0.0
2007-12-12 16:00:00,0.0
2007-12-13 16:00:00,0.0
2007-12-14 16:00:00,0.0
2007-12-17 16:00:00,0.0
2007-12-18 16:00:00,0.0
2007-12-19 16:00:00,0.0
2007-12-20 16:00:00,0.0
2007-12-21 16:00:00,0.0
2007-12-24 16:00:00,0.0
2007-12-26 16:00:00,0.0
2007-12-27 16:00:00,0.0
2007-12-28 16:00:00,0.0
2007-12-31 16:00:00,0.0
2008-01-02 16:00:00,0.0
2008-01-03 16:00:00,0.0
2008-01-04 16:00:00,0.0
2008-01-07 16:00:00,0.0
2008-01-08 16:00:00,0.0
2008-01-09 16:00:00,0.0
2008-01-10 16:00:00,0.0
2008-01-11 16:00:00,0.0
2008-01-14 16:00:00,0.0
2008-01-15 16:00:00,0.0
2008-01-16 16:00:00,0.0
2008-01-17 16:00:00,0.0
2008-01-18 16:00:00,0.0
2008-01-22 16:00:00,0.0
2008-01-23 16:00:00,0.0
2008-01-24 16:00:00,0.0
2008-01-25 16:00:00,0.0
2008-01-28 16:00:00,0.0
2008-01-29 16:00:00,0.0
2008-01-30 16:00:00,0.0
2008-01-31 16:00:00,0.0
2008-02-01 16:00:00,0.0
2008-02-04 16:00:00,0.0
2008-02-05 16:00:00,0.0
2008-02-06 16:00:00,0.0
2008-02-07 16:00:00,0.0
2008-02-08 16:00:00,0.0
2008-02-11 16:00:00,0.0
2008-02-12 16:00:00,0.0
2008-02-13 16:00:00,0.0
2008-02-14 16:00:00,0.0
2008-02-15 16:00:00,0.0
2008-02-19 16:00:00,0.0
2008-02-20 16:00:00,0.0
2008-02-21 16:00:00,0.0
2008-02-22 16:00:00,0.0
2008-02-25 16:00:00,0.0
2008-02-26 16:00:00,0.0
2008-02-27 16:00:00,0.0
2008-02-28 16:00:00,0.0
2008-02-29 16:00:00,0.0
2008-03-03 16:00:00,0.0
2008-03-04 16:00:00,0.0
2008-03-05 16:00:00,0.0
2008-03-06 16:00:00,0.0
2008-03-07 16:00:00,0.0
2008-03-10 16:00:00,0.0
2008-03-11 16:00:00,0.0
2008-03-12 16:00:00,0.0
2008-03-13 16:00:00,0.0
2008-03-14 16:00:00,0.0
2008-03-17 16:00:00,0.0
2008-03-18 16:00:00,0.0
2008-03-19 16:00:00,0.0
2008-03-20 16:00:00,0.0
2008-03-24 16:00:00,0.0
2008-03-25 16:00:00,0.0
2008-03-26 16:00:00,0.0
2008-03-27 16:00:00,0.0
2008-03-28 16:00:00,0.0
2008-03-31 16:00:00,0.0
2008-04-01 16:00:00,0.0
2008-04-02 16:00:00,0.0
2008-04-03 16:00:00,0.0
2008-04-04 16:00:00,0.0
2008-04-07 16:00:00,0.0
2008-04-08 16:00:00,0.0
2008-04-09 16:00:00,0.0
2008-04-10 16:00:00,0.0
2008-04-11 16:00:00,0.0
2008-04-14 16:00:00,0.0
2008-04-15 16:00:00,0.0
2008-04-16 16:00:00,0.0
2008-04-17 16:00:00,0.0
2008-04-18 16:00:00,0.0
2008-04-21 16:00:00,0.0
2008-04-22 16:00:00,0.0
2008-04-23 16:00:00,0.0
2008-04-24 16:00:00,0.0
2008-04-25 16:00:00,0.0
2008-04-28 16:00:00,0.0
2008-04-29 16:00:00,0.0
2008-04-30 16:00:00,0.0
2008-05-01 16:00:00,0.0
2008-05-02 16:00:00,0.0
2008-05-05 16:00:00,0.0
2008-05-06 16:00:00,0.0
2008-05-07 16:00:00,0.0
2008-05-08 16:00:00,0.0
2008-05-09 16:00:00,0.0
2008-05-12 16:00:00,0.0
2008-05-13 16:00:00,0.0
2008-05-14 16:00:00,0.0
2008-05-15 16:00:00,0.0
2008-05-16 16:00:00,0.0
2008-05-19 16:00:00,0.0
2008-05-20 16:00:00,0.0
2008-05-21 16:00:00,0.0
2008-05-22 16:00:00,0.0
2008-05-23 16:00:00,0.0
2008-05-27 16:00:00,0.0
2008-05-28 16:00:00,0.0
2008-05-29 16:00:00,0.0
2008-05-30 16:00:00,0.0
2008-06-02 16:00:00,0.0
2008-06-03 16:00:00,0.0
2008-06-04 16:00:00,0.0
2008-06-05 16:00:00,0.0
2008-06-06 16:00:00,0.0
2008-06-09 16:00:00,0.0
2008-06-10 16:00:00,0.0
2008-06-11 16:00:00,0.0
2008-06-12 16:00:00,0.0
2008-06-13 16:00:00,0.0
2008-06-16 16:00:00,0.0
2008-06-17 16:00:00,0.0
2008-06-18 16:00:00,0.0
2008-06-19 16:00:00,0.0
2008-06-20 16:00:00,0.0
2008-06-23 16:00:00,0.0
2008-06-24 16:00:00,0.0
2008-06-25 16:00:00,0.0
2008-06-26 16:00:00,0.0
2008-06-27 16:00:00,0.0
2008-06-30 16:00:00,0.0
2008-07-01 16:00:00,0.0
2008-07-02 16:00:00,0.0
2008-07-03 16:00:00,0.0
2008-07-07 16:00:00,0.0
2008-07-08 16:00:00,0.0
2008-07-09 16:00:00,0.0
2008-07-10 16:00:00,0.0
2008-07-11 16:00:00,0.0
2008-07-14 16:00:00,0.0
2008-07-15 16:00:00,0.0
2008-07-16 16:00:00,0.0
2008-07-17 16:00:00,0.0
2008-07-18 16:00:00,0.0
2008-07-21 16:00:00,0.0
2008-07-22 16:00:00,0.0
2008-07-23 16:00:00,0.0
2008-07-24 16:00:00,0.0
2008-07-25 16:00:00,0.0
2008-07-28 16:00:00,0.0
2008-07-29 16:00:00,0.0
2008-07-30 16:00:00,0.0
2008-07-31 16:00:00,0.0
2008-08-01 16:00:00,0.0
2008-08-04 16:00:00,0.0
2008-08-05 16:00:00,0.0
2008-08-06 16:00:00,0.0
2008-08-07 16:00:00,0.0
2008-08-08 16:00:00,0.0
2008-08-11 16:00:00,0.0
2008-08-12 16:00:00,0.0
2008-08-13 16:00:00,0.0
2008-08-14 16:00:00,0.0
2008-08-15 16:00:00,0.0
2008-08-18 16:00:00,0.0
2008-08-19 16:00:00,0.0
2008-08-20 16:00:00,0.0
2008-08-21 16:00:00,0.0
2008-08-22 16:00:00,0.0
2008-08-25 16:00:00,0.0
2008-08-26 16:00:00,0.0
2008-08-27 16:00:00,0.0
2008-08-28 16:00:00,0.0
2008-08-29 16:00:00,0.0
2008-09-02 16:00:00,0.0
2008-09-03 16:00:00,0.0
2008-09-04 16:00:00,0.0
2008-09-05 16:00:00,0.0
2008-09-08 16:00:00,0.0
2008-09-09 16:00:00,0.0
2008-09-10 16:00:00,0.0
2008-09-11 16:00:00,0.0
2008-09-12 16:00:00,0.0
2008-09-15 16:00:00,0.0
2008-09-16 16:00:00,0.0
2008-09-17 16:00:00,0.0
2008-09-18 16:00:00,0.0
2008-09-19 16:00:00,0.0
2008-09-22 16:00:00,0.0
2008-09-23 16:00:00,0.0
2008-09-24 16:00:00,0.0
2008-09-25 16:00:00,0.0
2008-09-26 16:00:00,0.0
2008-09-29 16:00:00,0.0
2008-09-30 16:00:00,0.0
2008-10-01 16:00:00,0.0
2008-10-02 16:00:00,0.0
2008-10-03 16:00:00,0.0
2008-10-06 16:00:00,0.0
2008-10-07 16:00:00,0.0
2008-10-08 16:00:00,0.0
2008-10-09 16:00:00,0.0
2008-10-10 16:00:00,0.0
2008-10-13 16:00:00,0.0
2008-10-14 16:00:00,0.0
2008-10-15 16:00:00,0.0
2008-10-16 16:00:00,0.0
2008-10-17 16:00:00,0.0
2008-10-20 16:00:00,0.0
2008-10-21 16:00:00,0.0
2008-10-22 16:00:00,0.0
2008-10-23 16:00:00,0.0
2008-10-24 16:00:00,0.0
2008-10-27 16:00:00,0.0
2008-10-28 16:00:00,0.0
2008-10-29 16:00:00,0.0
2008-10-30 16:00:00,0.0
2008-10-31 16:00:00,0.0
2008-11-03 16:00:00,0.0
2008-11-04 16:00:00,0.0
2008-11-05 16:00:00,0.0
2008-11-06 16:00:00,0.0
2008-11-07 16:00:00,0.0
2008-11-10 16:00:00,0.0
2008-11-11 16:00:00,0.0
2008-11-12 16:00:00,0.0
2008-11-13 16:00:00,0.0
2008-11-14 16:00:00,0.0
2008-11-17 16:00:00,0.0
2008-11-18 16:00:00,0.0
2008-11-19 16:00:00,0.0
2008-11-20 16:00:00,0.0
2008-11-21 16:00:00,0.0
2008-11-24 16:00:00,0.0
2008-11-25 16:00:00,0.0
2008-11-26 16:00:00,0.0
2008-11-28 16:00:00,0.0
2008-12-01 16:00:00,0.0
2008-12-02 16:00:00,0.0
2008-12-03 16:00:00,0.0
2008-12-04 16:00:00,0.0
2008-12-05 16:00:00,0.0
2008-12-08 16:00:00,0.0
2008-12-09 16:00:00,0.0
2008-12-10 16:00:00,0.0
2008-12-11 16:00:00,0.0
2008-12-12 16:00:00,0.0
2008-12-15 16:00:00,0.0
2008-12-16 16:00:00,0.0
2008-12-17 16:00:00,0.0
2008-12-18 16:00:00,0.0
2008-12-19 16:00:00,0.0
2008-12-22 16:00:00,0.0
2008-12-23 16:00:00,0.0
2008-12-24 16:00:00,0.0
2008-12-26 16:00:00,0.0
2008-12-29 16:00:00,0.0
2008-12-30 16:00:00,0.0
2008-12-31 16:00:00,0.0
2009-01-02 16:00:00,0.0
2009-01-05 16:00:00,0.0
2009-01-06 16:00:00,0.0
2009-01-07 16:00:00,0.0
2009-01-08 16:00:00,0.0
2009-01-09 16:00:00,0.0
2009-01-12 16:00:00,0.0
2009-01-13 16:00:00,0.0
2009-01-14 16:00:00,0.0
2009-01-15 16:00:00,0.0
2009-01-16 16:00:00,0.0
2009-01-20 16:00:00,0.0
2009-01-21 16:00:00,0.0
2009-01-22 16:00:00,0.0
2009-01-23 16:00:00,0.0
2009-01-26 16:00:00,0.0
2009-01-27 16:00:00,0.0
2009-01-28 16:00:00,0.0
2009-01-29 16:00:00,0.0
2009-01-30 16:00:00,0.0
2009-02-02 16:00:00,0.0
2009-02-03 16:00:00,0.0
2009-02-04 16:00:00,0.0
2009-02-05 16:00:00,0.0
2009-02-06 16:00:00,0.0
2009-02-09 16:00:00,0.0
2009-02-10 16:00:00,0.0
2009-02-11 16:00:00,0.0
2009-02-12 16:00:00,0.0
2009-02-13 16:00:00,0.0
2009-02-17 16:00:00,0.0
2009-02-18 16:00:00,0.0
2009-02-19 16:00:00,0.0
2009-02-20 16:00:00,0.0
2009-02-23 16:00:00,0.0
2009-02-24 16:00:00,0.0
2009-02-25 16:00:00,0.0
2009-02-26 16:00:00,0.0
2009-02-27 16:00:00,0.0
2009-03-02 16:00:00,0.0
2009-03-03 16:00:00,0.0
2009-03-04 16:00:00,0.0
2009-03-05 16:00:00,0.0
2009-03-06 16:00:00,0.0
2009-03-09 16:00:00,0.0
2009-03-10 16:00:00,0.0
2009-03-11 16:00:00,0.0
2009-03-12 16:00:00,0.0
2009-03-13 16:00:00,0.0
2009-03-16 16:00:00,0.0
2009-03-17 16:00:00,0.0
2009-03-18 16:00:00,0.0
2009-03-19 16:00:00,0.0
2009-03-20 16:00:00,0.0
2009-03-23 16:00:00,0.0
2009-03-24 16:00:00,0.0
2009-03-25 16:00:00,0.0
2009-03-26 16:00:00,0.0
2009-03-27 16:00:00,0.0
2009-03-30 16:00:00,0.0
2009-03-31 16:00:00,0.0
2009-04-01 16:00:00,0.0
2009-04-02 16:00:00,0.0
2009-04-03 16:00:00,0.0
2009-04-06 16:00:00,0.0
2009-04-07 16:00:00,0.0
2009-04-08 16:00:00,0.0
2009-04-09 16:00:00,0.0
2009-04-13 16:00:00,0.0
2009-04-14 16:00:00,0.0
2009-04-15 16:00:00,0.0
2009-04-16 16:00:00,0.0
2009-04-17 16:00:00,0.0
2009-04-20 16:00:00,0.0
2009-04-21 16:00:00,0.0
2009-04-22 16:00:00,0.0
2009-04-23 16:00:00,0.0
2009-04-24 16:00:00,0.0
2009-04-27 16:00:00,0.0
2009-04-28 16:00:00,0.0
2009-04-29 16:00:00,0.0
2009-04-30 16:00:00,0.0
2009-05-01 16:00:00,0.0
2009-05-04 16:00:00,0.0
2009-05-05 16:00:00,0.0
2009-05-06 16:00:00,0.0
2009-05-07 16:00:00,0.0
2009-05-08 16:00:00,0.0
2009-05-11 16:00:00,0.0
2009-05-12 16:00:00,0.0
2009-05-13 16:00:00,0.0
2009-05-14 16:00:00,0.0
2009-05-15 16:00:00,0.0
2009-05-18 16:00:00,0.0
2009-05-19 16:00:00,0.0
2009-05-20 16:00:00,0.0
2009-05-21 16:00:00,0.0
2009-05-22 16:00:00,0.0
2009-05-26 16:00:00,0.0
2009-05-27 16:00:00,0.0
2009-05-28 16:00:00,0.0
2009-05-29 16:00:00,0.0
2009-06-01 16:00:00,0.0
2009-06-02 16:00:00,0.0
2009-06-03 16:00:00,0.0
2009-06-04 16:00:00,0.0
2009-06-05 16:00:00,0.0
2009-06-08 16:00:00,0.0
2009-06-09 16:00:00,0.0
2009-06-10 16:00:00,0.0
2009-06-11 16:00:00,0.0
2009-06-12 16:00:00,0.0
2009-06-15 16:00:00,0.0
2009-06-16 16:00:00,0.0
2009-06-17 16:00:00,0.0
2009-06-18 16:00:00,0.0
2009-06-19 16:00:00,0.0
2009-06-22 16:00:00,0.0
2009-06-23 16:00:00,0.0
2009-06-24 16:00:00,0.0
2009-06-25 16:00:00,0.0
2009-06-26 16:00:00,0.0
2009-06-29 16:00:00,0.0
2009-06-30 16:00:00,0.0
2009-07-01 16:00:00,0.0
2009-07-02 16:00:00,0.0
2009-07-06 16:00:00,0.0
2009-07-07 16:00:00,0.0
2009-07-08 16:00:00,0.0
2009-07-09 16:00:00,0.0
2009-07-10 16:00:00,0.0
2009-07-13 16:00:00,0.0
2009-07-14 16:00:00,0.0
2009-07-15 16:00:00,0.0
2009-07-16 16:00:00,0.0
2009-07-17 16:00:00,0.0
2009-07-20 16:00:00,0.0
2009-07-21 16:00:00,0.0
2009-07-22 16:00:00,0.0
2009-07-23 16:00:00,0.0
2009-07-24 16:00:00,0.0
2009-07-27 16:00:00,0.0
2009-07-28 16:00:00,0.0
2009-07-29 16:00:00,0.0
2009-07-30 16:00:00,0.0
2009-07-31 16:00:00,0.0
2009-08-03 16:00:00,0.0
2009-08-04 16:00:00,0.0
2009-08-05 16:00:00,0.0
2009-08-06 16:00:00,0.0
2009-08-07 16:00:00,0.0
2009-08-10 16:00:00,0.0
2009-08-11 16:00:00,0.0
2009-08-12 16:00:00,0.0
2009-08-13 16:00:00,0.0
2009-08-14 16:00:00,0.0
2009-08-17 16:00:00,0.0
2009-08-18 16:00:00,0.0
2009-08-19 16:00:00,0.0
2009-08-20 16:00:00,0.0
2009-08-21 16:00:00,0.0
2009-08-24 16:00:00,0.0
2009-08-25 16:00:00,0.0
2009-08-26 16:00:00,0.0
2009-08-27 16:00:00,0.0
2009-08-28 16:00:00,0.0
2009-08-31 16:00:00,0.0
2009-09-01 16:00:00,0.0
2009-09-02 16:00:00,0.0
2009-09-03 16:00:00,0.0
2009-09-04 16:00:00,0.0
2009-09-08 16:00:00,0.0
2009-09-09 16:00:00,0.0
2009-09-10 16:00:00,0.0
2009-09-11 16:00:00,0.0
2009-09-14 16:00:00,0.0
2009-09-15 16:00:00,0.0
2009-09-16 16:00:00,0.0
2009-09-17 16:00:00,0.0
2009-09-18 16:00:00,0.0
2009-09-21 16:00:00,0.0
2009-09-22 16:00:00,0.0
2009-09-23 16:00:00,0.0
2009-09-24 16:00:00,0.0
2009-09-25 16:00:00,0.0
2009-09-28 16:00:00,0.0
2009-09-29 16:00:00,0.0
2009-09-30 16:00:00,0.0
2009-10-01 16:00:00,0.0
2009-10-02 16:00:00,0.0
2009-10-05 16:00:00,0.0
2009-10-06 16:00:00,0.0
2009-10-07 16:00:00,0.0
2009-10-08 16:00:00,0.0
2009-10-09 16:00:00,0.0
2009-10-12 16:00:00,0.0
2009-10-13 16:00:00,0.0
2009-10-14 16:00:00,0.0
2009-10-15 16:00:00,0.0
2009-10-16 16:00:00,0.0
2009-10-19 16:00:00,0.0
2009-10-20 16:00:00,0.0
2009-10-21 16:00:00,0.0
2009-10-22 16:00:00,0.0
2009-10-23 16:00:00,0.0
2009-10-26 16:00:00,0.0
2009-10-27 16:00:00,0.0
2009-10-28 16:00:00,0.0
2009-10-29 16:00:00,0.0
2009-10-30 16:00:00,0.0
2009-11-02 16:00:00,0.0
2009-11-03 16:00:00,0.0
2009-11-04 16:00:00,0.0
2009-11-05 16:00:00,0.0
2009-11-06 16:00:00,0.0
2009-11-09 16:00:00,0.0
2009-11-10 16:00:00,0.0
2009-11-11 16:00:00,0.0
2009-11-12 16:00:00,0.0
2009-11-13 16:00:00,0.0
2009-11-16 16:00:00,0.0
2009-11-17 16:00:00,0.0
2009-11-18 16:00:00,0.0
2009-11-19 16:00:00,0.0
2009-11-20 16:00:00,0.0
2009-11-23 16:00:00,0.0
2009-11-24 16:00:00,0.0
2009-11-25 16:00:00,0.0
2009-11-27 16:00:00,0.0
2009-11-30 16:00:00,0.0
2009-12-01 16:00:00,0.0
2009-12-02 16:00:00,0.0
2009-12-03 16:00:00,0.0
2009-12-04 16:00:00,0.0
2009-12-07 16:00:00,0.0
2009-12-08 16:00:00,0.0
2009-12-09 16:00:00,0.0
2009-12-10 16:00:00,0.0
2009-12-11 16:00:00,0.0
2009-12-14 16:00:00,0.0
2009-12-15 16:00:00,0.0
2009-12-16 16:00:00,0.0
2009-12-17 16:00:00,0.0
2009-12-18 16:00:00,0.0
2009-12-21 16:00:00,0.0
2009-12-22 16:00:00,0.0
2009-12-23 16:00:00,0.0
2009-12-24 16:00:00,0.0
2009-12-28 16:00:00,0.0
2009-12-29 16:00:00,0.0
2009-12-30 16:00:00,0.0
2009-12-31 16:00:00,0.0
2010-01-04 16:00:00,0.0
2010-01-05 16:00:00,0.0
2010-01-06 16:00:00,0.0
2010-01-07 16:00:00,0.0
2010-01-08 16:00:00,0.0
2010-01-11 16:00:00,0.0
2010-01-12 16:00:00,0.0
2010-01-13 16:00:00,0.0
2010-01-14 16:00:00,0.0
2010-01-15 16:00:00,0.0
2010-01-19 16:00:00,0.0
2010-01-20 16:00:00,0.0
2010-01-21 16:00:00,0.0
2010-01-22 16:00:00,0.0
2010-01-25 16:00:00,0.0
2010-01-26 16:00:00,0.0
2010-01-27 16:00:00,0.0
2010-01-28 16:00:00,0.0
2010-01-29 16:00:00,0.0
2010-02-01 16:00:00,0.0
2010-02-02 16:00:00,0.0
2010-02-03 16:00:00,0.0
2010-02-04 16:00:00,0.0
2010-02-05 16:00:00,0.0
2010-02-08 16:00:00,0.0
2010-02-09 16:00:00,0.0
2010-02-10 16:00:00,0.0
2010-02-11 16:00:00,0.0
2010-02-12 16:00:00,0.0
2010-02-16 16:00:00,0.0
2010-02-17 16:00:00,0.0
2010-02-18 16:00:00,0.0
2010-02-19 16:00:00,0.0
2010-02-22 16:00:00,0.0
2010-02-23 16:00:00,0.0
2010-02-24 16:00:00,0.0
2010-02-25 16:00:00,0.0
2010-02-26 16:00:00,0.0
2010-03-01 16:00:00,0.0
2010-03-02 16:00:00,0.0
2010-03-03 16:00:00,0.0
2010-03-04 16:00:00,0.0
2010-03-05 16:00:00,0.0
2010-03-08 16:00:00,0.0
2010-03-09 16:00:00,0.0
2010-03-10 16:00:00,0.0
2010-03-11 16:00:00,0.0
2010-03-12 16:00:00,0.0
2010-03-15 16:00:00,0.0
2010-03-16 16:00:00,0.0
2010-03-17 16:00:00,0.0
2010-03-18 16:00:00,0.0
2010-03-19 16:00:00,0.0
2010-03-22 16:00:00,0.0
2010-03-23 16:00:00,0.0
2010-03-24 16:00:00,0.0
2010-03-25 16:00:00,0.0
2010-03-26 16:00:00,0.0
2010-03-29 16:00:00,0.0
2010-03-30 16:00:00,0.0
2010-03-31 16:00:00,0.0
2010-04-01 16:00:00,0.0
2010-04-05 16:00:00,0.0
2010-04-06 16:00:00,0.0
2010-04-07 16:00:00,0.0
2010-04-08 16:00:00,0.0
2010-04-09 16:00:00,0.0
2010-04-12 16:00:00,0.0
2010-04-13 16:00:00,0.0
2010-04-14 16:00:00,0.0
2010-04-15 16:00:00,0.0
2010-04-16 16:00:00,0.0
2010-04-19 16:00:00,0.0
2010-04-20 16:00:00,0.0
2010-04-21 16:00:00,0.0
2010-04-22 16:00:00,0.0
2010-04-23 16:00:00,0.0
2010-04-26 16:00:00,0.0
2010-04-27 16:00:00,0.0
2010-04-28 16:00:00,0.0
2010-04-29 16:00:00,0.0
2010-04-30 16:00:00,0.0
2010-05-03 16:00:00,0.0
2010-05-04 16:00:00,0.0
2010-05-05 16:00:00,0.0
2010-05-06 16:00:00,0.0
2010-05-07 16:00:00,0.0
2010-05-10 16:00:00,0.0
2010-05-11 16:00:00,0.0
2010-05-12 16:00:00,0.0
2010-05-13 16:00:00,0.0
2010-05-14 16:00:00,0.0
2010-05-17 16:00:00,0.0
2010-05-18 16:00:00,0.0
2010-05-19 16:00:00,0.0
2010-05-20 16:00:00,0.0
2010-05-21 16:00:00,0.0
2010-05-24 16:00:00,0.0
2010-05-25 16:00:00,0.0
2010-05-26 16:00:00,0.0
2010-05-27 16:00:00,0.0
2010-05-28 16:00:00,0.0
2010-06-01 16:00:00,0.0
2010-06-02 16:00:00,0.0
2010-06-03 16:00:00,0.0
2010-06-04 16:00:00,0.0
2010-06-07 16:00:00,0.0
2010-06-08 16:00:00,0.0
2010-06-09 16:00:00,0.0
2010-06-10 16:00:00,0.0
2010-06-11 16:00:00,0.0
2010-06-14 16:00:00,0.0
2010-06-15 16:00:00,0.0
2010-06-16 16:00:00,0.0
2010-06-17 16:00:00,0.0
2010-06-18 16:00:00,0.0
2010-06-21 16:00:00,0.0
2010-06-22 16:00:00,0.0
2010-06-23 16:00:00,0.0
2010-06-24 16:00:00,0.0
2010-06-25 16:00:00,0.0
2010-06-28 16:00:00,0.0
2010-06-29 16:00:00,0.0
2010-06-30 16:00:00,0.0
2010-07-01 16:00:00,0.0
2010-07-02 16:00:00,0.0
2010-07-06 16:00:00,0.0
2010-07-07 16:00:00,0.0
2010-07-08 16:00:00,0.0
2010-07-09 16:00:00,0.0
2010-07-12 16:00:00,0.0
2010-07-13 16:00:00,0.0
2010-07-14 16:00:00,0.0
2010-07-15 16:00:00,0.0
2010-07-16 16:00:00,0.0
2010-07-19 16:00:00,0.0
2010-07-20 16:00:00,0.0
2010-07-21 16:00:00,0.0
2010-07-22 16:00:00,0.0
2010-07-23 16:00:00,0.0
2010-07-26 16:00:00,0.0
2010-07-27 16:00:00,0.0
2010-07-28 16:00:00,0.0
2010-07-29 16:00:00,0.0
2010-07-30 16:00:00,0.0
2010-08-02 16:00:00,0.0
2010-08-03 16:00:00,0.0
2010-08-04 16:00:00,0.0
2010-08-05 16:00:00,0.0
2010-08-06 16:00:00,0.0
2010-08-09 16:00:00,0.0
2010-08-10 16:00:00,0.0
2010-08-11 16:00:00,0.0
2010-08-12 16:00:00,0.0
2010-08-13 16:00:00,0.0
2010-08-16 16:00:00,0.0
2010-08-17 16:00:00,0.0
2010-08-18 16:00:00,0.0
2010-08-19 16:00:00,0.0
2010-08-20 16:00:00,0.0
2010-08-23 16:00:00,0.0
2010-08-24 16:00:00,0.0
2010-08-25 16:00:00,0.0
2010-08-26 16:00:00,0.0
2010-08-27 16:00:00,0.0
2010-08-30 16:00:00,0.0
2010-08-31 16:00:00,0.0
2010-09-01 16:00:00,0.0
2010-09-02 16:00:00,0.0
2010-09-03 16:00:00,0.0
2010-09-07 16:00:00,0.0
2010-09-08 16:00:00,0.0
2010-09-09 16:00:00,0.0
2010-09-10 16:00:00,0.0
2010-09-13 16:00:00,0.0
2010-09-14 16:00:00,0.0
2010-09-15 16:00:00,0.0
2010-09-16 16:00:00,0.0
2010-09-17 16:00:00,0.0
2010-09-20 16:00:00,0.0
2010-09-21 16:00:00,0.0
2010-09-22 16:00:00,0.0
2010-09-23 16:00:00,0.0
2010-09-24 16:00:00,0.0
2010-09-27 16:00:00,0.0
2010-09-28 16:00:00,0.0
2010-09-29 16:00:00,0.0
2010-09-30 16:00:00,0.0
2010-10-01 16:00:00,0.0
2010-10-04 16:00:00,0.0
2010-10-05 16:00:00,0.0
2010-10-06 16:00:00,0.0
2010-10-07 16:00:00,0.0
2010-10-08 16:00:00,0.0
2010-10-11 16:00:00,0.0
2010-10-12 16:00:00,0.0
2010-10-13 16:00:00,0.0
2010-10-14 16:00:00,0.0
2010-10-15 16:00:00,0.0
2010-10-18 16:00:00,0.0
2010-10-19 16:00:00,0.0
2010-10-20 16:00:00,0.0
2010-10-21 16:00:00,0.0
2010-10-22 16:00:00,0.0
2010-10-25 16:00:00,0.0
2010-10-26 16:00:00,0.0
2010-10-27 16:00:00,0.0
2010-10-28 16:00:00,0.0
2010-10-29 16:00:00,0.0
2010-11-01 16:00:00,0.0
2010-11-02 16:00:00,0.0
2010-11-03 16:00:00,0.0
2010-11-04 16:00:00,0.0
2010-11-05 16:00:00,0.0
2010-11-08 16:00:00,0.0
2010-11-09 16:00:00,0.0
2010-11-10 16:00:00,0.0
2010-11-11 16:00:00,0.0
2010-11-12 16:00:00,0.0
2010-11-15 16:00:00,0.0
2010-11-16 16:00:00,0.0
2010-11-17 16:00:00,0.0
2010-11-18 16:00:00,0.0
2010-11-19 16:00:00,0.0
2010-11-22 16:00:00,0.0
2010-11-23 16:00:00,0.0
2010-11-24 16:00:00,0.0
2010-11-26 16:00:00,0.0
2010-11-29 16:00:00,0.0
2010-11-30 16:00:00,0.0
2010-12-01 16:00:00,0.0
2010-12-02 16:00:00,0.0
2010-12-03 16:00:00,0.0
2010-12-06 16:00:00,0.0
2010-12-07 16:00:00,0.0
2010-12-08 16:00:00,0.0
2010-12-09 16:00:00,0.0
2010-12-10 16:00:00,0.0
2010-12-13 16:00:00,0.0
2010-12-14 16:00:00,0.0
2010-12-15 16:00:00,0.0
2010-12-16 16:00:00,0.0
2010-12-17 16:00:00,0.0
2010-12-20 16:00:00,0.0
2010-12-21 16:00:00,0.0
2010-12-22 16:00:00,0.0
2010-12-23 16:00:00,0.0
2010-12-27 16:00:00,0.0
2010-12-28 16:00:00,0.0
2010-12-29 16:00:00,0.0
2010-12-30 16:00:00,0.0
2010-12-31 16:00:00,0.0
2011-01-03 16:00:00,0.0
2011-01-04 16:00:00,0.0
2011-01-05 16:00:00,0.0
2011-01-06 16:00:00,0.0
2011-01-07 16:00:00,0.0
2011-01-10 16:00:00,0.0
2011-01-11 16:00:00,0.0
2011-01-12 16:00:00,0.0
2011-01-13 16:00:00,0.0
2011-01-14 16:00:00,0.0
2011-01-18 16:00:00,0.0
2011-01-19 16:00:00,0.0
2011-01-20 16:00:00,0.0
2011-01-21 16:00:00,0.0
2011-01-24 16:00:00,0.0
2011-01-25 16:00:00,0.0
2011-01-26 16:00:00,0.0
2011-01-27 16:00:00,0.0
2011-01-28 16:00:00,0.0
2011-01-31 16:00:00,0.0
2011-02-01 16:00:00,0.0
2011-02-02 16:00:00,0.0
2011-02-03 16:00:00,0.0
2011-02-04 16:00:00,0.0
2011-02-07 16:00:00,0.0
2011-02-08 16:00:00,0.0
2011-02-09 16:00:00,0.0
2011-02-10 16:00:00,0.0
2011-02-11 16:00:00,0.0
2011-02-14 16:00:00,0.0
2011-02-15 16:00:00,0.0
2011-02-16 16:00:00,0.0
2011-02-17 16:00:00,0.0
2011-02-18 16:00:00,0.0
2011-02-22 16:00:00,0.0
2011-02-23 16:00:00,0.0
2011-02-24 16:00:00,0.0
2011-02-25 16:00:00,0.0
2011-02-28 16:00:00,0.0
2011-03-01 16:00:00,0.0
2011-03-02 16:00:00,0.0
2011-03-03 16:00:00,0.0
2011-03-04 16:00:00,0.0
2011-03-07 16:00:00,0.0
2011-03-08 16:00:00,0.0
2011-03-09 16:00:00,0.0
2011-03-10 16:00:00,0.0
2011-03-11 16:00:00,0.0
2011-03-14 16:00:00,0.0
2011-03-15 16:00:00,0.0
2011-03-16 16:00:00,0.0
2011-03-17 16:00:00,0.0
2011-03-18 16:00:00,0.0
2011-03-21 16:00:00,0.0
2011-03-22 16:00:00,0.0
2011-03-23 16:00:00,0.0
2011-03-24 16:00:00,0.0
2011-03-25 16:00:00,0.0
2011-03-28 16:00:00,0.0
2011-03-29 16:00:00,0.0
2011-03-30 16:00:00,0.0
2011-03-31 16:00:00,0.0
2011-04-01 16:00:00,0.0
2011-04-04 16:00:00,0.0
2011-04-05 16:00:00,0.0
2011-04-06 16:00:00,0.0
2011-04-07 16:00:00,0.0
2011-04-08 16:00:00,0.0
2011-04-11 16:00:00,0.0
2011-04-12 16:00:00,0.0
2011-04-13 16:00:00,0.0
2011-04-14 16:00:00,0.0
2011-04-15 16:00:00,0.0
2011-04-18 16:00:00,0.0
2011-04-19 16:00:00,0.0
2011-04-20 16:00:00,0.0
2011-04-21 16:00:00,0.0
2011-04-25 16:00:00,0.0
2011-04-26 16:00:00,0.0
2011-04-27 16:00:00,0.0
2011-04-28 16:00:00,0.0
2011-04-29 16:00:00,0.0
2011-05-02 16:00:00,0.0
2011-05-03 16:00:00,0.0
2011-05-04 16:00:00,0.0
2011-05-05 16:00:00,0.0
2011-05-06 16:00:00,0.0
2011-05-09 16:00:00,0.0
2011-05-10 16:00:00,0.0
2011-05-11 16:00:00,0.0
2011-05-12 16:00:00,0.0
2011-05-13 16:00:00,0.0
2011-05-16 16:00:00,0.0
2011-05-17 16:00:00,0.0
2011-05-18 16:00:00,0.0
2011-05-19 16:00:00,0.0
2011-05-20 16:00:00,0.0
2011-05-23 16:00:00,0.0
2011-05-24 16:00:00,0.0
2011-05-25 16:00:00,0.0
2011-05-26 16:00:00,0.0
2011-05-27 16:00:00,0.0
2011-05-31 16:00:00,0.0
2011-06-01 16:00:00,0.0
2011-06-02 16:00:00,0.0
2011-06-03 16:00:00,0.0
2011-06-06 16:00:00,0.0
2011-06-07 16:00:00,0.0
2011-06-08 16:00:00,0.0
2011-06-09 16:00:00,0.0
2011-06-10 16:00:00,0.0
2011-06-13 16:00:00,0.0
2011-06-14 16:00:00,0.0
2011-06-15 16:00:00,0.0
2011-06-16 16:00:00,0.0
2011-06-17 16:00:00,0.0
2011-06-20 16:00:00,0.0
2011-06-21 16:00:00,0.0
2011-06-22 16:00:00,0.0
2011-06-23 16:00:00,0.0
2011-06-24 16:00:00,0.0
2011-06-27 16:00:00,0.0
2011-06-28 16:00:00,0.0
2011-06-29 16:00:00,0.0
2011-06-30 16:00:00,0.0
2011-07-01 16:00:00,0.0
2011-07-05 16:00:00,0.0
2011-07-06 16:00:00,0.0
2011-07-07 16:00:00,0.0
2011-07-08 16:00:00,0.0
2011-07-11 16:00:00,0.0
2011-07-12 16:00:00,0.0
2011-07-13 16:00:00,0.0
2011-07-14 16:00:00,0.0
2011-07-15 16:00:00,0.0
2011-07-18 16:00:00,0.0
2011-07-19 16:00:00,0.0
2011-07-20 16:00:00,0.0
2011-07-21 16:00:00,0.0
2011-07-22 16:00:00,0.0
2011-07-25 16:00:00,0.0
2011-07-26 16:00:00,0.0
2011-07-27 16:00:00,0.0
2011-07-28 16:00:00,0.0
2011-07-29 16:00:00,0.0
2011-08-01 16:00:00,0.0
2011-08-02 16:00:00,0.0
2011-08-03 16:00:00,0.0
2011-08-04 16:00:00,0.0
2011-08-05 16:00:00,0.0
2011-08-08 16:00:00,0.0
2011-08-09 16:00:00,0.0
2011-08-10 16:00:00,0.0
2011-08-11 16:00:00,0.0
2011-08-12 16:00:00,0.0
2011-08-15 16:00:00,0.0
2011-08-16 16:00:00,0.0
2011-08-17 16:00:00,0.0
2011-08-18 16:00:00,0.0
2011-08-19 16:00:00,0.0
2011-08-22 16:00:00,0.0
2011-08-23 16:00:00,0.0
2011-08-24 16:00:00,0.0
2011-08-25 16:00:00,0.0
2011-08-26 16:00:00,0.0
2011-08-29 16:00:00,0.0
2011-08-30 16:00:00,0.0
2011-08-31 16:00:00,0.0
2011-09-01 16:00:00,0.0
2011-09-02 16:00:00,0.0
2011-09-06 16:00:00,0.0
2011-09-07 16:00:00,0.0
2011-09-08 16:00:00,0.0
2011-09-09 16:00:00,0.0
2011-09-12 16:00:00,0.0
2011-09-13 16:00:00,0.0
2011-09-14 16:00:00,0.0
2011-09-15 16:00:00,0.0
2011-09-16 16:00:00,0.0
2011-09-19 16:00:00,0.0
2011-09-20 16:00:00,0.0
2011-09-21 16:00:00,0.0
2011-09-22 16:00:00,0.0
2011-09-23 16:00:00,0.0
2011-09-26 16:00:00,0.0
2011-09-27 16:00:00,0.0
2011-09-28 16:00:00,0.0
2011-09-29 16:00:00,0.0
2011-09-30 16:00:00,0.0
2011-10-03 16:00:00,0.0
2011-10-04 16:00:00,0.0
2011-10-05 16:00:00,0.0
2011-10-06 16:00:00,0.0
2011-10-07 16:00:00,0.0
2011-10-10 16:00:00,0.0
2011-10-11 16:00:00,0.0
2011-10-12 16:00:00,0.0
2011-10-13 16:00:00,0.0
2011-10-14 16:00:00,0.0
2011-10-17 16:00:00,0.0
2011-10-18 16:00:00,0.0
2011-10-19 16:00:00,0.0
2011-10-20 16:00:00,0.0
2011-10-21 16:00:00,0.0
2011-10-24 16:00:00,0.0
2011-10-25 16:00:00,0.0
2011-10-26 16:00:00,0.0
2011-10-27 16:00:00,0.0
2011-10-28 16:00:00,0.0
2011-10-31 16:00:00,0.0
2011-11-01 16:00:00,0.0
2011-11-02 16:00:00,0.0
2011-11-03 16:00:00,0.0
2011-11-04 16:00:00,0.0
2011-11-07 16:00:00,0.0
2011-11-08 16:00:00,0.0
2011-11-09 16:00:00,0.0
2011-11-10 16:00:00,0.0
2011-11-11 16:00:00,0.0
2011-11-14 16:00:00,0.0
2011-11-15 16:00:00,0.0
2011-11-16 16:00:00,0.0
2011-11-17 16:00:00,0.0
2011-11-18 16:00:00,0.0
2011-11-21 16:00:00,0.0
2011-11-22 16:00:00,0.0
2011-11-23 16:00:00,0.0
2011-11-25 16:00:00,0.0
2011-11-28 16:00:00,0.0
2011-11-29 16:00:00,0.0
2011-11-30 16:00:00,0.0
2011-12-01 16:00:00,0.0
2011-12-02 16:00:00,0.0
2011-12-05 16:00:00,0.0
2011-12-06 16:00:00,0.0
2011-12-07 16:00:00,0.0
2011-12-08 16:00:00,0.0
2011-12-09 16:00:00,0.0
2011-12-12 16:00:00,0.0
2011-12-13 16:00:00,0.0
2011-12-14 16:00:00,0.0
2011-12-15 16:00:00,0.0
2011-12-16 16:00:00,0.0
2011-12-19 16:00:00,0.0
2011-12-20 16:00:00,0.0
2011-12-21 16:00:00,0.0
2011-12-22 16:00:00,0.0
2011-12-23 16:00:00,0.0
2011-12-27 16:00:00,0.0
2011-12-28 16:00:00,0.0
2011-12-29 16:00:00,0.0
2011-12-30 16:00:00,0.0
2012-01-03 16:00:00,0.0
2012-01-04 16:00:00,0.0
2012-01-05 16:00:00,0.0
2012-01-06 16:00:00,0.0
2012-01-09 16:00:00,0.0
2012-01-10 16:00:00,0.0
2012-01-11 16:00:00,0.0
2012-01-12 16:00:00,0.0
2012-01-13 16:00:00,0.0
2012-01-17 16:00:00,0.0
2012-01-18 16:00:00,0.0
2012-01-19 16:00:00,0.0
2012-01-20 16:00:00,0.0
2012-01-23 16:00:00,0.0
2012-01-24 16:00:00,0.0
2012-01-25 16:00:00,0.0
2012-01-26 16:00:00,0.0
2012-01-27 16:00:00,0.0
2012-01-30 16:00:00,0.0
2012-01-31 16:00:00,0.0
2012-02-01 16:00:00,0.0
2012-02-02 16:00:00,0.0
2012-02-03 16:00:00,0.0
2012-02-06 16:00:00,0.0
2012-02-07 16:00:00,0.0
2012-02-08 16:00:00,0.0
2012-02-09 16:00:00,0.0
2012-02-10 16:00:00,0.0
2012-02-13 16:00:00,0.0
2012-02-14 16:00:00,0.0
2012-02-15 16:00:00,0.0
2012-02-16 16:00:00,0.0
2012-02-17 16:00:00,0.0
2012-02-21 16:00:00,0.0
2012-02-22 16:00:00,0.0
2012-02-23 16:00:00,0.0
2012-02-24 16:00:00,0.0
2012-02-27 16:00:00,0.0
2012-02-28 16:00:00,0.0
2012-02-29 16:00:00,0.0
2012-03-01 16:00:00,0.0
2012-03-02 16:00:00,0.0
2012-03-05 16:00:00,0.0
2012-03-06 16:00:00,0.0
2012-03-07 16:00:00,0.0
2012-03-08 16:00:00,0.0
2012-03-09 16:00:00,0.0
2012-03-12 16:00:00,0.0
2012-03-13 16:00:00,0.0
2012-03-14 16:00:00,0.0
2012-03-15 16:00:00,0.0
2012-03-16 16:00:00,0.0
2012-03-19 16:00:00,0.0
2012-03-20 16:00:00,0.0
2012-03-21 16:00:00,0.0
2012-03-22 16:00:00,0.0
2012-03-23 16:00:00,0.0
2012-03-26 16:00:00,0.0
2012-03-27 16:00:00,0.0
2012-03-28 16:00:00,0.0
2012-03-29 16:00:00,0.0
2012-03-30 16:00:00,0.0
2012-04-02 16:00:00,0.0
2012-04-03 16:00:00,0.0
2012-04-04 16:00:00,0.0
2012-04-05 16:00:00,0.0
2012-04-09 16:00:00,0.0
2012-04-10 16:00:00,0.0
2012-04-11 16:00:00,0.0
2012-04-12 16:00:00,0.0
2012-04-13 16:00:00,0.0
2012-04-16 16:00:00,0.0
2012-04-17 16:00:00,0.0
2012-04-18 16:00:00,0.0
2012-04-19 16:00:00,0.0
2012-04-20 16:00:00,0.0
2012-04-23 16:00:00,0.0
2012-04-24 16:00:00,0.0
2012-04-25 16:00:00,0.0
2012-04-26 16:00:00,0.0
2012-04-27 16:00:00,0.0
2012-04-30 16:00:00,0.0
2012-05-01 16:00:00,0.0
2012-05-02 16:00:00,0.0
2012-05-03 16:00:00,0.0
2012-05-04 16:00:00,0.0
2012-05-07 16:00:00,0.0
2012-05-08 16:00:00,0.0
2012-05-09 16:00:00,0.0
2012-05-10 16:00:00,0.0
2012-05-11 16:00:00,0.0
2012-05-14 16:00:00,0.0
2012-05-15 16:00:00,0.0
2012-05-16 16:00:00,0.0
2012-05-17 16:00:00,0.0
2012-05-18 16:00:00,0.0
2012-05-21 16:00:00,0.0
2012-05-22 16:00:00,0.0
2012-05-23 16:00:00,0.0
2012-05-24 16:00:00,0.0
2012-05-25 16:00:00,0.0
2012-05-29 16:00:00,0.0
2012-05-30 16:00:00,0.0
2012-05-31 16:00:00,0.0
2012-06-01 16:00:00,0.0
2012-06-04 16:00:00,0.0
2012-06-05 16:00:00,0.0
2012-06-06 16:00:00,0.0
2012-06-07 16:00:00,0.0
2012-06-08 16:00:00,0.0
2012-06-11 16:00:00,0.0
2012-06-12 16:00:00,0.0
2012-06-13 16:00:00,0.0
2012-06-14 16:00:00,0.0
2012-06-15 16:00:00,0.0
2012-06-18 16:00:00,0.0
2012-06-19 16:00:00,0.0
2012-06-20 16:00:00,0.0
2012-06-21 16:00:00,0.0
2012-06-22 16:00:00,0.0
2012-06-25 16:00:00,0.0
2012-06-26 16:00:00,0.0
2012-06-27 16:00:00,0.0
2012-06-28 16:00:00,0.0
2012-06-29 16:00:00,0.0
2012-07-02 16:00:00,0.0
2012-07-03 16:00:00,0.0
2012-07-05 16:00:00,0.0
2012-07-06 16:00:00,0.0
2012-07-09 16:00:00,0.0
2012-07-10 16:00:00,0.0
2012-07-11 16:00:00,0.0
2012-07-12 16:00:00,0.0
2012-07-13 16:00:00,0.0
2012-07-16 16:00:00,0.0
2012-07-17 16:00:00,0.0
2012-07-18 16:00:00,0.0
2012-07-19 16:00:00,0.0
2012-07-20 16:00:00,0.0
2012-07-23 16:00:00,0.0
2012-07-24 16:00:00,0.0
2012-07-25 16:00:00,0.0
2012-07-26 16:00:00,0.0
2012-07-27 16:00:00,0.0
2012-07-30 16:00:00,0.0
2012-07-31 16:00:00,0.0
2012-08-01 16:00:00,0.0
2012-08-02 16:00:00,0.0
2012-08-03 16:00:00,0.0
2012-08-06 16:00:00,0.0
2012-08-07 16:00:00,0.0
2012-08-08 16:00:00,0.0
2012-08-09 16:00:00,0.0
2012-08-10 16:00:00,0.0
2012-08-13 16:00:00,0.0
2012-08-14 16:00:00,0.0
2012-08-15 16:00:00,0.0
2012-08-16 16:00:00,0.0
2012-08-17 16:00:00,0.0
2012-08-20 16:00:00,0.0
2012-08-21 16:00:00,0.0
2012-08-22 16:00:00,0.0
2012-08-23 16:00:00,0.0
2012-08-24 16:00:00,0.0
2012-08-27 16:00:00,0.0
2012-08-28 16:00:00,0.0
2012-08-29 16:00:00,0.0
2012-08-30 16:00:00,0.0
2012-08-31 16:00:00,0.0
2012-09-04 16:00:00,0.0
2012-09-05 16:00:00,0.0
2012-09-06 16:00:00,0.0
2012-09-07 16:00:00,0.0
2012-09-10 16:00:00,0.0
2012-09-11 16:00:00,0.0
2012-09-12 16:00:00,0.0
2012-09-13 16:00:00,0.0
2012-09-14 16:00:00,0.0
2012-09-17 16:00:00,0.0
2012-09-18 16:00:00,0.0
2012-09-19 16:00:00,0.0
2012-09-20 16:00:00,0.0
2012-09-21 16:00:00,0.0
2012-09-24 16:00:00,0.0
2012-09-25 16:00:00,0.0
2012-09-26 16:00:00,0.0
2012-09-27 16:00:00,0.0
2012-09-28 16:00:00,0.0
2012-10-01 16:00:00,0.0
2012-10-02 16:00:00,0.0
2012-10-03 16:00:00,0.0
2012-10-04 16:00:00,0.0
2012-10-05 16:00:00,0.0
2012-10-08 16:00:00,0.0
2012-10-09 16:00:00,0.0
2012-10-10 16:00:00,0.0
2012-10-11 16:00:00,0.0
2012-10-12 16:00:00,0.0
2012-10-15 16:00:00,0.0
2012-10-16 16:00:00,0.0
2012-10-17 16:00:00,0.0
2012-10-18 16:00:00,0.0
2012-10-19 16:00:00,0.0
2012-10-22 16:00:00,0.0
2012-10-23 16:00:00,0.0
2012-10-24 16:00:00,0.0
2012-10-25 16:00:00,0.0
2012-10-26 16:00:00,0.0
2012-10-31 16:00:00,0.0
2012-11-01 16:00:00,0.0
2012-11-02 16:00:00,0.0
2012-11-05 16:00:00,0.0
2012-11-06 16:00:00,0.0
2012-11-07 16:00:00,0.0
2012-11-08 16:00:00,0.0
2012-11-09 16:00:00,0.0
2012-11-12 16:00:00,0.0
2012-11-13 16:00:00,0.0
2012-11-14 16:00:00,0.0
2012-11-15 16:00:00,0.0
2012-11-16 16:00:00,0.0
2012-11-19 16:00:00,0.0
2012-11-20 16:00:00,0.0
2012-11-21 16:00:00,0.0
2012-11-23 16:00:00,0.0
2012-11-26 16:00:00,0.0
2012-11-27 16:00:00,0.0
2012-11-28 16:00:00,0.0
2012-11-29 16:00:00,0.0
2012-11-30 16:00:00,0.0
2012-12-03 16:00:00,0.0
2012-12-04 16:00:00,0.0
2012-12-05 16:00:00,0.0
2012-12-06 16:00:00,0.0
2012-12-07 16:00:00,0.0
2012-12-10 16:00:00,0.0
2012-12-11 16:00:00,0.0
2012-12-12 16:00:00,0.0
2012-12-13 16:00:00,0.0
2012-12-14 16:00:00,0.0
2012-12-17 16:00:00,0.0
2012-12-18 16:00:00,0.0
2012-12-19 16:00:00,0.0
2012-12-20 16:00:00,0.0
2012-12-21 16:00:00,0.0
2012-12-24 16:00:00,0.0
2012-12-26 16:00:00,0.0
2012-12-27 16:00:00,0.0
2012-12-28 16:00:00,0.0
2012-12-31 16:00:00,0.0
2013-01-02 16:00:00,0.0
2013-01-03 16:00:00,0.0
2013-01-04 16:00:00,0.0
2013-01-07 16:00:00,0.0
2013-01-08 16:00:00,0.0
2013-01-09 16:00:00,0.0
2013-01-10 16:00:00,0.0
2013-01-11 16:00:00,0.0
2013-01-14 16:00:00,0.0
2013-01-15 16:00:00,0.0
2013-01-16 16:00:00,0.0
2013-01-17 16:00:00,0.0
2013-01-18 16:00:00,0.0
2013-01-22 16:00:00,0.0
2013-01-23 16:00:00,0.0
2013-01-24 16:00:00,0.0
2013-01-25 16:00:00,0.0
2013-01-28 16:00:00,0.0
2013-01-29 16:00:00,0.0
2013-01-30 16:00:00,0.0
2013-01-31 16:00:00,0.0
2013-02-01 16:00:00,0.0
2013-02-04 16:00:00,0.0
2013-02-05 16:00:00,0.0
2013-02-06 16:00:00,0.0
2013-02-07 16:00:00,0.0
2013-02-08 16:00:00,0.0
2013-02-11 16:00:00,0.0
2013-02-12 16:00:00,0.0
2013-02-13 16:00:00,0.0
2013-02-14 16:00:00,0.0
2013-02-15 16:00:00,0.0
2013-02-19 16:00:00,0.0
2013-02-20 16:00:00,0.0
2013-02-21 16:00:00,0.0
2013-02-22 16:00:00,0.0
2013-02-25 16:00:00,0.0
2013-02-26 16:00:00,0.0
2013-02-27 16:00:00,0.0
2013-02-28 16:00:00,0.0
2013-03-01 16:00:00,0.0
2013-03-04 16:00:00,0.0
2013-03-05 16:00:00,0.0
2013-03-06 16:00:00,0.0
2013-03-07 16:00:00,0.0
2013-03-08 16:00:00,0.0
2013-03-11 16:00:00,0.0
2013-03-12 16:00:00,0.0
2013-03-13 16:00:00,0.0
2013-03-14 16:00:00,0.0
2013-03-15 16:00:00,0.0
2013-03-18 16:00:00,0.0
2013-03-19 16:00:00,0.0
2013-03-20 16:00:00,0.0
2013-03-21 16:00:00,0.0
2013-03-22 16:00:00,0.0
2013-03-25 16:00:00,0.0
2013-03-26 16:00:00,0.0
2013-03-27 16:00:00,0.0
2013-03-28 16:00:00,0.0
2013-04-01 16:00:00,0.0
2013-04-02 16:00:00,0.0
2013-04-03 16:00:00,0.0
2013-04-04 16:00:00,0.0
2013-04-05 16:00:00,0.0
2013-04-08 16:00:00,0.0
2013-04-09 16:00:00,0.0
2013-04-10 16:00:00,0.0
2013-04-11 16:00:00,0.0
2013-04-12 16:00:00,0.0
2013-04-15 16:00:00,0.0
2013-04-16 16:00:00,0.0
2013-04-17 16:00:00,0.0
2013-04-18 16:00:00,0.0
2013-04-19 16:00:00,0.0
2013-04-22 16:00:00,0.0
2013-04-23 16:00:00,0.0
2013-04-24 16:00:00,0.0
2013-04-25 16:00:00,0.0
2013-04-26 16:00:00,0.0
2013-04-29 16:00:00,0.0
2013-04-30 16:00:00,0.0
2013-05-01 16:00:00,0.0
2013-05-02 16:00:00,0.0
2013-05-03 16:00:00,0.0
2013-05-06 16:00:00,0.0
2013-05-07 16:00:00,0.0
2013-05-08 16:00:00,0.0
2013-05-09 16:00:00,0.0
2013-05-10 16:00:00,0.0
2013-05-13 16:00:00,0.0
2013-05-14 16:00:00,0.0
2013-05-15 16:00:00,0.0
2013-05-16 16:00:00,0.0
2013-05-17 16:00:00,0.0
2013-05-20 16:00:00,0.0
2013-05-21 16:00:00,0.0
2013-05-22 16:00:00,0.0
2013-05-23 16:00:00,0.0
2013-05-24 16:00:00,0.0
2013-05-28 16:00:00,0.0
2013-05-29 16:00:00,0.0
2013-05-30 16:00:00,0.0
2013-05-31 16:00:00,0.0
2013-06-03 16:00:00,0.0
2013-06-04 16:00:00,0.0
2013-06-05 16:00:00,0.0
2013-06-06 16:00:00,0.0
2013-06-07 16:00:00,0.0
2013-06-10 16:00:00,0.0
2013-06-11 16:00:00,0.0
2013-06-12 16:00:00,0.0
2013-06-13 16:00:00,0.0
2013-06-14 16:00:00,0.0
2013-06-17 16:00:00,0.0
2013-06-18 16:00:00,0.0
2013-06-19 16:00:00,0.0
2013-06-20 16:00:00,0.0
2013-06-21 16:00:00,0.0
2013-06-24 16:00:00,0.0
2013-06-25 16:00:00,0.0
2013-06-26 16:00:00,0.0
2013-06-27 16:00:00,0.0
2013-06-28 16:00:00,0.0
2013-07-01 16:00:00,0.0
2013-07-02 16:00:00,0.0
2013-07-03 16:00:00,0.0
2013-07-05 16:00:00,0.0
2013-07-08 16:00:00,0.0
2013-07-09 16:00:00,0.0
2013-07-10 16:00:00,0.0
2013-07-11 16:00:00,0.0
2013-07-12 16:00:00,0.0
2013-07-15 16:00:00,0.0
2013-07-16 16:00:00,0.0
2013-07-17 16:00:00,0.0
2013-07-18 16:00:00,0.0
2013-07-19 16:00:00,0.0
2013-07-22 16:00:00,0.0
2013-07-23 16:00:00,0.0
2013-07-24 16:00:00,0.0
2013-07-25 16:00:00,0.0
2013-07-26 16:00:00,0.0
2013-07-29 16:00:00,0.0
2013-07-30 16:00:00,0.0
2013-07-31 16:00:00,0.0
2013-08-01 16:00:00,0.0
2013-08-02 16:00:00,0.0
2013-08-05 16:00:00,0.0
2013-08-06 16:00:00,0.0
2013-08-07 16:00:00,0.0
2013-08-08 16:00:00,0.0
2013-08-09 16:00:00,0.0
2013-08-12 16:00:00,0.0
2013-08-13 16:00:00,0.0
2013-08-14 16:00:00,0.0
2013-08-15 16:00:00,0.0
2013-08-16 16:00:00,0.0
2013-08-19 16:00:00,0.0
2013-08-20 16:00:00,0.0
2013-08-21 16:00:00,0.0
2013-08-22 16:00:00,0.0
2013-08-23 16:00:00,0.0
2013-08-26 16:00:00,0.0
2013-08-27 16:00:00,0.0
2013-08-28 16:00:00,0.0
2013-08-29 16:00:00,0.0
2013-08-30 16:00:00,0.0
2013-09-03 16:00:00,0.0
2013-09-04 16:00:00,0.0
2013-09-05 16:00:00,0.0
2013-09-06 16:00:00,0.0
2013-09-09 16:00:00,0.0
2013-09-10 16:00:00,0.0
2013-09-11 16:00:00,0.0
2013-09-12 16:00:00,0.0
2013-09-13 16:00:00,0.0
2013-09-16 16:00:00,0.0
2013-09-17 16:00:00,0.0
2013-09-18 16:00:00,0.0
2013-09-19 16:00:00,0.0
2013-09-20 16:00:00,0.0
2013-09-23 16:00:00,0.0
2013-09-24 16:00:00,0.0
2013-09-25 16:00:00,0.0
2013-09-26 16:00:00,0.0
2013-09-27 16:00:00,0.0
2013-09-30 16:00:00,0.0
2013-10-01 16:00:00,0.0
2013-10-02 16:00:00,0.0
2013-10-03 16:00:00,0.0
2013-10-04 16:00:00,0.0
2013-10-07 16:00:00,0.0
2013-10-08 16:00:00,0.0
2013-10-09 16:00:00,0.0
2013-10-10 16:00:00,0.0
2013-10-11 16:00:00,0.0
2013-10-14 16:00:00,0.0
2013-10-15 16:00:00,0.0
2013-10-16 16:00:00,0.0
2013-10-17 16:00:00,0.0
2013-10-18 16:00:00,0.0
2013-10-21 16:00:00,0.0
2013-10-22 16:00:00,0.0
2013-10-23 16:00:00,0.0
2013-10-24 16:00:00,0.0
2013-10-25 16:00:00,0.0
2013-10-28 16:00:00,0.0
2013-10-29 16:00:00,0.0
2013-10-30 16:00:00,0.0
2013-10-31 16:00:00,0.0
2013-11-01 16:00:00,0.0
2013-11-04 16:00:00,0.0
2013-11-05 16:00:00,0.0
2013-11-06 16:00:00,0.0
2013-11-07 16:00:00,0.0
2013-11-08 16:00:00,0.0
2013-11-11 16:00:00,0.0
2013-11-12 16:00:00,0.0
2013-11-13 16:00:00,0.0
2013-11-14 16:00:00,0.0
2013-11-15 16:00:00,0.0
2013-11-18 16:00:00,0.0
2013-11-19 16:00:00,0.0
2013-11-20 16:00:00,0.0
2013-11-21 16:00:00,0.0
2013-11-22 16:00:00,0.0
2013-11-25 16:00:00,0.0
2013-11-26 16:00:00,0.0
2013-11-27 16:00:00,0.0
2013-11-29 16:00:00,0.0
2013-12-02 16:00:00,0.0
2013-12-03 16:00:00,0.0
2013-12-04 16:00:00,0.0
2013-12-05 16:00:00,0.0
2013-12-06 16:00:00,0.0
2013-12-09 16:00:00,0.0
2013-12-10 16:00:00,0.0
2013-12-11 16:00:00,0.0
2013-12-12 16:00:00,0.0
2013-12-13 16:00:00,0.0
2013-12-16 16:00:00,0.0
2013-12-17 16:00:00,0.0
2013-12-18 16:00:00,0.0
2013-12-19 16:00:00,0.0
2013-12-20 16:00:00,0.0
2013-12-23 16:00:00,0.0
2013-12-24 16:00:00,0.0
2013-12-26 16:00:00,0.0
2013-12-27 16:00:00,0.0
2013-12-30 16:00:00,0.0
2013-12-31 16:00:00,0.0
2014-01-02 16:00:00,0.0
2014-01-03 16:00:00,0.0
2014-01-06 16:00:00,0.0
2014-01-07 16:00:00,0.0
2014-01-08 16:00:00,0.0
2014-01-09 16:00:00,0.0
2014-01-10 16:00:00,0.0
2014-01-13 16:00:00,0.0
2014-01-14 16:00:00,0.0
2014-01-15 16:00:00,0.0
2014-01-16 16:00:00,0.0
2014-01-17 16:00:00,0.0
2014-01-21 16:00:00,0.0
2014-01-22 16:00:00,0.0
2014-01-23 16:00:00,0.0
2014-01-24 16:00:00,0.0
2014-01-27 16:00:00,0.0
2014-01-28 16:00:00,0.0
2014-01-29 16:00:00,0.0
2014-01-30 16:00:00,0.0
2014-01-31 16:00:00,0.0
2014-02-03 16:00:00,0.0
2014-02-04 16:00:00,0.0
2014-02-05 16:00:00,0.0
2014-02-06 16:00:00,0.0
2014-02-07 16:00:00,0.0
2014-02-10 16:00:00,0.0
2014-02-11 16:00:00,0.0
2014-02-12 16:00:00,0.0
2014-02-13 16:00:00,0.0
2014-02-14 16:00:00,0.0
2014-02-18 16:00:00,-0.01650943396226423
2014-02-19 16:00:00,-0.031175059952038398
2014-02-20 16:00:00,-0.00990099009900991
2014-02-21 16:00:00,0.03499999999999992
2014-02-24 16:00:00,-0.02415458937198056
2014-02-25 16:00:00,-0.0024752475247524774
2014-02-26 16:00:00,0.07444168734491319
2014-02-27 16:00:00,0.05542725173210172
2014-02-28 16:00:00,0.02844638949671774
2014-03-03 16:00:00,0.0
2014-03-04 16:00:00,0.0
2014-03-05 16:00:00,0.019148936170212627
2014-03-06 16:00:00,-0.02713987473903967
2014-03-07 16:00:00,0.0193133047210301
2014-03-10 16:00:00,-0.010526315789473606
2014-03-11 16:00:00,0.06170212765957439
2014-03-12 16:00:00,-0.008016032064128265
2014-03-13 16:00:00,0.0060606060606061
2014-03-14 16:00:00,-0.010040160642570406
2014-03-17 16:00:00,0.028397565922920975
2014-03-18 16:00:00,0.009861932938856066
2014-03-19 16:00:00,-0.013671875
2014-03-20 16:00:00,-0.001980198019801982
2014-03-21 16:00:00,-0.051587301587301515
2014-03-24 16:00:00,-0.008368200836820106
2014-03-25 16:00:00,0.0
2014-03-26 16:00:00,0.00843881856540074
2014-03-27 16:00:00,-0.027196652719665204
2014-03-28 16:00:00,0.008602150537634357
2014-03-31 16:00:00,-0.006396588486140775
2014-04-01 16:00:00,0.008583690987124415
2014-04-02 16:00:00,-0.004255319148936287
2014-04-03 16:00:00,-0.017094017094017144
2014-04-04 16:00:00,-0.015217391304347738
2014-04-07 16:00:00,-0.017660044150110354
2014-04-08 16:00:00,0.0
2014-04-09 16:00:00,0.022471910112359383
2014-04-10 16:00:00,-0.01098901098901095
2014-04-11 16:00:00,-0.013333333333333197
2014-04-14 16:00:00,-0.04279279279279291
2014-04-15 16:00:00,0.0
2014-04-16 16:00:00,0.0117647058823529
2014-04-17 16:00:00,0.04418604651162794
2014-04-21 16:00:00,0.0
2014-04-22 16:00:00,-0.0044543429844099425
2014-04-23 16:00:00,-0.02237136465324374
2014-04-24 16:00:00,-0.011441647597253968
2014-04-25 16:00:00,-0.02777777777777779
2014-04-28 16:00:00,-0.01904761904761909
2014-04-29 16:00:00,0.0752427184466018
2014-04-30 16:00:00,0.038374717832957206
2014-05-01 16:00:00,0.0
2014-05-02 16:00:00,0.01739130434782621
2014-05-05 16:00:00,-0.02777777777777779
2014-05-06 16:00:00,-0.03296703296703285
2014-05-07 16:00:00,0.013636363636363447
2014-05-08 16:00:00,-0.022421524663677084
2014-05-09 16:00:00,-0.013761467889908396
2014-05-12 16:00:00,-0.016279069767441756
2014-05-13 16:00:00,0.0023640661938533203
2014-05-14 16:00:00,0.030660377358490587
2014-05-15 16:00:00,-0.05949656750572074
2014-05-16 16:00:00,-0.05596107055961086
2014-05-19 16:00:00,0.015463917525773141
2014-05-20 16:00:00,0.032994923857868175
2014-05-21 16:00:00,-0.0073710073710073765
2014-05-22 16:00:00,0.027227722772277252
2014-05-23 16:00:00,-0.009638554216867434
2014-05-27 16:00:00,0.10218978102189769
2014-05-28 16:00:00,0.0
2014-05-29 16:00:00,0.002207505518763808
2014-05-30 16:00:00,0.03083700440528636
2014-06-02 16:00:00,-0.029914529914529808
2014-06-03 16:00:00,-0.03083700440528625
2014-06-04 16:00:00,-0.006818181818181834
2014-06-05 16:00:00,0.013729977116704761
2014-06-06 16:00:00,-0.009029345372460473
2014-06-09 16:00:00,0.0
2014-06-10 16:00:00,-0.013667425968109215
2014-06-11 16:00:00,-0.03464203233256358
2014-06-12 16:00:00,0.01674641148325362
2014-06-13 16:00:00,-0.02588235294117658
2014-06-16 16:00:00,-0.0024154589371979673
2014-06-17 16:00:00,-0.016949152542372947
2014-06-18 16:00:00,0.024630541871921263
2014-06-19 16:00:00,0.033653846153846034
2014-06-20 16:00:00,0.018604651162790642
2014-06-23 16:00:00,0.006849315068493178
2014-06-24 16:00:00,-0.01814058956916098
2014-06-25 16:00:00,-0.006928406466512715
2014-06-26 16:00:00,0.0046511627906977715
2014-06-27 16:00:00,-0.006944444444444531
2014-06-30 16:00:00,0.018648018648018683
2014-07-01 16:00:00,0.006864988558352492
2014-07-02 16:00:00,0.015909090909090873
2014-07-03 16:00:00,0.0022371364653246406
2014-07-07 16:00:00,-0.033482142857142905
2014-07-08 16:00:00,-0.01616628175519641
2014-07-09 16:00:00,0.0023474178403755097
2014-07-10 16:00:00,-0.007025761124121677
2014-07-11 16:00:00,-0.025943396226415172
2014-07-14 16:00:00,0.021791767554479424
2014-07-15 16:00:00,-0.007109004739336289
2014-07-16 16:00:00,0.007159904534606021
2014-07-17 16:00:00,-0.004739336492890933
2014-07-18 16:00:00,-0.014285714285714457
2014-07-21 16:00:00,-0.01449275362318836
2014-07-22 16:00:00,0.019607843137254832
2014-07-23 16:00:00,0.019230769230769162
2014-07-24 16:00:00,0.037735849056603765
2014-07-25 16:00:00,0.006818181818181612
2014-07-28 16:00:00,0.004514672686230403
2014-07-29 16:00:00,-0.011235955056179692
2014-07-30 16:00:00,0.006818181818181612
2014-07-31 16:00:00,-0.02708803611738153
2014-08-01 16:00:00,-0.011600928074245953
2014-08-04 16:00:00,-0.009389671361502372
2014-08-05 16:00:00,-0.03554502369668233
2014-08-06 16:00:00,-0.039312039312039304
2014-08-07 16:00:00,-0.023017902813299296
2014-08-08 16:00:00,-0.028795811518324554
2014-08-11 16:00:00,0.02156334231805923
2014-08-12 16:00:00,0.0158311345646438
2014-08-13 16:00:00,0.020779220779220786
2014-08-14 16:00:00,0.020356234096692072
2014-08-15 16:00:00,0.0
2014-08-18 16:00:00,-0.029925187032418865
2014-08-19 16:00:00,0.03341902313624656
2014-08-20 16:00:00,-0.004975124378109319
2014-08-21 16:00:00,0.02499999999999991
2014-08-22 16:00:00,-0.014634146341463317
2014-08-25 16:00:00,0.012376237623762387
2014-08-26 16:00:00,-0.009779951100244544
2014-08-27 16:00:00,0.0
2014-08-28 16:00:00,-0.022222222222222143
2014-08-29 16:00:00,0.03282828282828287
2014-09-02 16:00:00,0.0
2014-09-03 16:00:00,0.0
2014-09-04 16:00:00,-0.0024449877750610804
2014-09-05 16:00:00,0.01225490196078427
2014-09-08 16:00:00,0.016949152542373058
2014-09-09 16:00:00,-0.023809523809523947
2014-09-10 16:00:00,-0.014634146341463317
2014-09-11 16:00:00,0.007425742574257432
2014-09-12 16:00:00,-0.02211302211302224
2014-09-15 16:00:00,0.0
2014-09-16 16:00:00,-0.02010050251256279
2014-09-17 16:00:00,-0.02051282051282055
2014-09-18 16:00:00,-0.02617801047120405
2014-09-19 16:00:00,0.018817204301075252
2014-09-22 16:00:00,0.0237467018469657
2014-09-23 16:00:00,-0.02577319587628868
2014-09-24 16:00:00,-0.01058201058201047
2014-09-25 16:00:00,-0.03208556149732622
2014-09-26 16:00:00,-0.0055248618784530246
2014-09-29 16:00:00,-0.06388888888888888
2014-09-30 16:00:00,0.020771513353115667
2014-10-01 16:00:00,-0.02034883720930225
2014-10-02 16:00:00,-0.023738872403560873
2014-10-03 16:00:00,0.0
2014-10-06 16:00:00,0.00911854103343468
2014-10-07 16:00:00,-0.015060240963855387
2014-10-08 16:00:00,0.00917431192660545
2014-10-09 16:00:00,0.042424242424242475
2014-10-10 16:00:00,-0.02034883720930225
2014-10-13 16:00:00,-0.029673590504451064
2014-10-14 16:00:00,-0.06422018348623848
2014-10-15 16:00:00,-0.10457516339869277
2014-10-16 16:00:00,-0.0036496350364964014
2014-10-17 16:00:00,0.08791208791208804
2014-10-20 16:00:00,-0.01683501683501687
2014-10-21 16:00:00,0.05821917808219168
2014-10-22 16:00:00,-0.009708737864077555
2014-10-23 16:00:00,-0.009803921568627527
2014-10-24 16:00:00,0.01650165016501659
2014-10-27 16:00:00,-0.06168831168831168
2014-10-28 16:00:00,0.0
2014-10-29 16:00:00,-0.00692041522491349
2014-10-30 16:00:00,-0.059233449477351874
2014-10-31 16:00:00,-0.05555555555555569
2014-11-03 16:00:00,0.031372549019607954
2014-11-04 16:00:00,0.05323193916349811
2014-11-05 16:00:00,0.0036101083032489267
2014-11-06 16:00:00,0.0
2014-11-07 16:00:00,-0.08992805755395683
2014-11-10 16:00:00,-0.019762845849802257
2014-11-11 16:00:00,-0.10080645161290325
2014-11-12 16:00:00,-0.026905829596412634
2014-11-13 16:00:00,0.0
2014-11-14 16:00:00,0.0
2014-11-17 16:00:00,-0.05069124423963123
2014-11-18 16:00:00,0.043689320388349495
2014-11-19 16:00:00,0.023255813953488413
2014-11-20 16:00:00,0.031818181818181746
2014-11-21 16:00:00,0.048458149779735615
2014-11-24 16:00:00,-0.03361344537815125
2014-11-25 16:00:00,-0.060869565217391175
2014-11-26 16:00:00,-0.01388888888888895
2014-11-28 16:00:00,-0.018779342723004744
2014-12-01 16:00:00,-0.03349282296650713
2014-12-02 16:00:00,0.044554455445544594
2014-12-03 16:00:00,0.004739336492891155
2014-12-04 16:00:00,-0.03301886792452846
2014-12-05 16:00:00,0.1073170731707318
2014-12-08 16:00:00,0.05726872246696035
2014-12-09 16:00:00,-0.1625000000000001
2014-12-10 16:00:00,0.029850746268656803
2014-12-11 16:00:00,-0.05314009661835739
2014-12-12 16:00:00,-0.025510204081632626
2014-12-15 16:00:00,-0.04712041884816742
2014-12-16 16:00:00,-0.01098901098901095
2014-12-17 16:00:00,0.011111111111111072
2014-12-18 16:00:00,0.027472527472527597
2014-12-19 16:00:00,0.03208556149732611
2014-12-22 16:00:00,-0.020725388601036343
2014-12-23 16:00:00,-0.05820105820105814
2014-12-24 16:00:00,0.0
2014-12-26 16:00:00,0.0
2014-12-29 16:00:00,0.05617977528089879
2014-12-30 16:00:00,0.0
2014-12-31 16:00:00,-0.010638297872340274
2015-01-02 16:00:00,0.048387096774193505
2015-01-05 16:00:00,-0.05128205128205121
2015-01-06 16:00:00,0.0
2015-01-07 16:00:00,0.010810810810810922
2015-01-08 16:00:00,-0.03743315508021394
2015-01-09 16:00:00,0.03888888888888897
2015-01-12 16:00:00,0.048128342245989275
2015-01-13 16:00:00,0.010204081632652962
2015-01-14 16:00:00,-0.04040404040404044
2015-01-15 16:00:00,0.021052631578947434
2015-01-16 16:00:00,0.0
2015-01-20 16:00:00,0.030927835051546504
2015-01-21 16:00:00,-0.04500000000000004
2015-01-22 16:00:00,0.02617801047120416
2015-01-23 16:00:00,0.06632653061224492
2015-01-26 16:00:00,0.052631578947368585
2015-01-27 16:00:00,-0.00909090909090915
2015-01-28 16:00:00,0.004587155963302614
2015-01-29 16:00:00,0.04566210045662111
2015-01-30 16:00:00,-0.06113537117903933
2015-02-02 16:00:00,0.009302325581395321
2015-02-03 16:00:00,0.11981566820276512
2015-02-04 16:00:00,0.024691358024691468
2015-02-05 16:00:00,-0.0200803212851407
2015-02-06 16:00:00,0.0
2015-02-09 16:00:00,-0.032786885245901676
2015-02-10 16:00:00,0.1652542372881356
2015-02-11 16:00:00,-0.0036363636363635488
2015-02-12 16:00:00,0.0948905109489051
2015-02-13 16:00:00,0.10333333333333328
2015-02-17 16:00:00,-0.009063444108761365
2015-02-18 16:00:00,0.0792682926829269
2015-02-19 16:00:00,0.03672316384180796
2015-02-20 16:00:00,0.029972752043596618
2015-02-23 16:00:00,0.0
2015-02-24 16:00:00,0.07936507936507953
2015-02-25 16:00:00,-0.01225490196078427
2015-02-26 16:00:00,-0.00992555831265507
2015-02-27 16:00:00,-0.03759398496240607
2015-03-02 16:00:00,-0.02864583333333326
2015-03-03 16:00:00,0.01072386058981234
2015-03-04 16:00:00,-0.06631299734748008
2015-03-05 16:00:00,-0.03977272727272729
2015-03-06 16:00:00,-0.014792899408283988
2015-03-09 16:00:00,-0.06906906906906907
2015-03-10 16:00:00,0.032258064516129004
2015-03-11 16:00:00,-0.0031250000000000444
2015-03-12 16:00:00,-0.018808777429467072
2015-03-13 16:00:00,-0.054313099041533475
2015-03-16 16:00:00,0.027027027027026973
2015-03-17 16:00:00,-0.02631578947368418
2015-03-18 16:00:00,-0.03716216216216217
2015-03-19 16:00:00,-0.08070175438596494
2015-03-20 16:00:00,0.03435114503816794
2015-03-23 16:00:00,0.01845018450184499
2015-03-24 16:00:00,0.050724637681159424
2015-03-25 16:00:00,0.0
2015-03-26 16:00:00,-0.034482758620689724
2015-03-27 16:00:00,0.0035714285714285587
2015-03-30 16:00:00,0.03558718861209975
2015-03-31 16:00:00,0.03436426116838476
2015-04-01 16:00:00,-0.01661129568106301
2015-04-02 16:00:00,-0.016891891891891886
2015-04-06 16:00:00,0.0
2015-04-07 16:00:00,-0.01718213058419249
2015-04-08 16:00:00,-0.027972027972028024
2015-04-09 16:00:00,-0.003597122302158251
2015-04-10 16:00:00,0.0
2015-04-13 16:00:00,0.0
2015-04-14 16:00:00,-0.054151624548736454
2015-04-15 16:00:00,-0.038167938931297773
2015-04-16 16:00:00,-0.007936507936507908
2015-04-17 16:00:00,0.0
2015-04-20 16:00:00,0.040000000000000036
2015-04-21 16:00:00,-0.03076923076923077
2015-04-22 16:00:00,0.07936507936507953
2015-04-23 16:00:00,0.011029411764705843
2015-04-24 16:00:00,-0.010909090909090868
2015-04-27 16:00:00,0.051470588235293935
2015-04-28 16:00:00,0.03146853146853168
2015-04-29 16:00:00,-0.003389830508474634
2015-04-30 16:00:00,-0.1054421768707483
2015-05-01 16:00:00,0.0
2015-05-04 16:00:00,-0.09125475285171092
2015-05-05 16:00:00,-0.046025104602510636
2015-05-06 16:00:00,0.00877192982456143
2015-05-07 16:00:00,0.07826086956521738
2015-05-08 16:00:00,0.032258064516129004
2015-05-11 16:00:00,-0.07421875
2015-05-12 16:00:00,0.025316455696202445
2015-05-13 16:00:00,-0.020576131687242927
2015-05-14 16:00:00,-0.01680672268907568
2015-05-15 16:00:00,-0.008547008547008517
2015-05-18 16:00:00,0.004310344827586299
2015-05-19 16:00:00,0.017167381974249052
2015-05-20 16:00:00,0.04219409282700415
2015-05-21 16:00:00,-0.0080971659919028
2015-05-22 16:00:00,0.01632653061224487
2015-05-26 16:00:00,-0.016064257028112428
2015-05-27 16:00:00,0.020408163265306145
2015-05-28 16:00:00,-0.027999999999999914
2015-05-29 16:00:00,0.024691358024691468
2015-06-01 16:00:00,0.0
2015-06-02 16:00:00,-0.008032128514056214
2015-06-03 16:00:00,0.020242914979756943
2015-06-04 16:00:00,0.007936507936507908
2015-06-05 16:00:00,-0.019685039370078705
2015-06-08 16:00:00,-0.004016064257028162
2015-06-09 16:00:00,0.0
2015-06-10 16:00:00,-0.024193548387096753
2015-06-11 16:00:00,0.06198347107438007
2015-06-12 16:00:00,-0.06614785992217898
2015-06-15 16:00:00,-0.050000000000000044
2015-06-16 16:00:00,0.021929824561403688
2015-06-17 16:00:00,-0.07296137339055786
2015-06-18 16:00:00,-0.02314814814814825
2015-06-19 16:00:00,0.004739336492891155
2015-06-22 16:00:00,0.1556603773584906
2015-06-23 16:00:00,0.0897959183673469
2015-06-24 16:00:00,-0.0074906367041198685
2015-06-25 16:00:00,0.02264150943396226
2015-06-26 16:00:00,0.025830258302582898
2015-06-29 16:00:00,0.0
2015-06-30 16:00:00,0.0
2015-07-01 16:00:00,0.0
2015-07-02 16:00:00,0.0
2015-07-06 16:00:00,0.0
2015-07-07 16:00:00,0.0
2015-07-08 16:00:00,0.0
2015-07-09 16:00:00,0.0
2015-07-10 16:00:00,0.0
2015-07-13 16:00:00,0.0
2015-07-14 16:00:00,0.0
2015-07-15 16:00:00,0.0
2015-07-16 16:00:00,0.0
2015-07-17 16:00:00,0.0
2015-07-20 16:00:00,0.0
2015-07-21 16:00:00,0.0
2015-07-22 16:00:00,0.0
2015-07-23 16:00:00,0.0
2015-07-24 16:00:00,0.0
2015-07-27 16:00:00,0.0
2015-07-28 16:00:00,0.0
2015-07-29 16:00:00,0.0
2015-07-30 16:00:00,0.0
2015-07-31 16:00:00,0.0
2015-08-03 16:00:00,-0.26618705035971213
2015-08-04 16:00:00,0.07352941176470584
2015-08-05 16:00:00,0.031963470319634535
2015-08-06 16:00:00,0.06637168141592942
2015-08-07 16:00:00,-0.03319502074688796
2015-08-10 16:00:00,0.0429184549356223
2015-08-11 16:00:00,0.0
2015-08-12 16:00:00,-0.004115226337448652
2015-08-13 16:00:00,-0.04132231404958686
2015-08-14 16:00:00,-0.02155172413793094
2015-08-17 16:00:00,0.03083700440528636
2015-08-18 16:00:00,-0.012820512820512775
2015-08-19 16:00:00,0.008658008658008587
2015-08-20 16:00:00,-0.03862660944205998
2015-08-21 16:00:00,-0.04017857142857151
2015-08-24 16:00:00,-0.09302325581395343
2015-08-25 16:00:00,0.10769230769230775
2015-08-26 16:00:00,-0.01851851851851849
2015-08-27 16:00:00,-0.028301886792452824
2015-08-28 16:00:00,0.029126213592232997
2015-08-31 16:00:00,-0.018867924528301883
2015-09-01 16:00:00,-0.009615384615384581
2015-09-02 16:00:00,0.004854368932038833
2015-09-03 16:00:00,0.09178743961352653
2015-09-04 16:00:00,-0.008849557522123686
2015-09-08 16:00:00,0.0401785714285714
2015-09-09 16:00:00,0.0042918454935620964
2015-09-10 16:00:00,0.03418803418803429
2015-09-11 16:00:00,0.0
2015-09-14 16:00:00,-0.024793388429752095
2015-09-15 16:00:00,0.04237288135593231
2015-09-16 16:00:00,0.008130081300812941
2015-09-17 16:00:00,0.0
2015-09-18 16:00:00,-0.004032258064516014
2015-09-21 16:00:00,-0.004048582995951455
2015-09-22 16:00:00,-0.020325203252032464
2015-09-23 16:00:00,0.004149377593360981
2015-09-24 16:00:00,-0.008264462809917328
2015-09-25 16:00:00,0.03333333333333344
2015-09-28 16:00:00,-0.06048387096774188
2015-09-29 16:00:00,-0.030042918454935785
2015-09-30 16:00:00,0.0
2015-10-01 16:00:00,0.004424778761062065
2015-10-02 16:00:00,-0.00440528634361248
2015-10-05 16:00:00,0.039823008849557695
2015-10-06 16:00:00,0.0
2015-10-07 16:00:00,0.008510638297872353
2015-10-08 16:00:00,0.00421940928270037
